filename,growth_stage,split,lpf
photo_dev (1)_jpg.rf.sUf4QjGbVQOtVEYcpDdQ.jpg,developing,train,0.2038823366165161
photo_dev (100)_jpg.rf.RNqLRQIHCuBC2oZtVEel.jpg,developing,train,0.2977718412876129
photo_dev (101)_jpg.rf.eSiKk2GlXqRFY6Oa9neE.jpg,developing,train,0.18937340378761292
photo_dev (102)_jpg.rf.pMCmIOLoDI2I3cRd2kvu.jpg,developing,train,0.2244698703289032
photo_dev (104)_jpg.rf.lMh1PECQE9VPBYX3M6bH.jpg,developing,train,0.3155691921710968
photo_dev (106)_jpg.rf.8JqBWMK6IPwZDvOu1wYJ.jpg,developing,train,0.38313138484954834
photo_dev (107)_jpg.rf.65oGH1HGWEBTIh3NhzBl.jpg,developing,train,0.1505301296710968
photo_dev (109)_jpg.rf.o7GN17qLkPf3R7wJ3ekA.jpg,developing,train,0.29998406767845154
photo_dev (11)_jpg.rf.Pf20uUqY2DNbrMcLLXjJ.jpg,developing,train,0.37733179330825806
photo_dev (111)_jpg.rf.lbw5FjylnUsw75DOn5Al.jpg,developing,train,0.1238839253783226
photo_dev (112)_jpg.rf.VZvS7jz29BdiSkD81nWf.jpg,developing,train,0.1188616082072258
photo_dev (113)_jpg.rf.Ibe3yMnCP1V0v9BlVdtg.jpg,developing,train,0.07814493030309677
photo_dev (114)_jpg.rf.dGtbWw44qEwxkPZZHoTP.jpg,developing,train,0.08785076439380646
photo_dev (115)_jpg.rf.BJ5sC06fu9cj25zL6kec.jpg,developing,train,0.19351881742477417
photo_dev (118)_jpg.rf.lOVdHJOnV6zw1ic3YGXD.jpg,developing,train,0.2902383506298065
photo_dev (119)_jpg.rf.PzGVVdAnT7Ttkf1Yooui.jpg,developing,train,0.24467873573303223
photo_dev (12)_jpg.rf.Rchp7aarLd9b49XqFCVG.jpg,developing,train,0.2684949040412903
photo_dev (120)_jpg.rf.KRD6zF7QAzBtct3Acrbj.jpg,developing,train,0.25526148080825806
photo_dev (121)_jpg.rf.PwjDl4pBj9ErnJ1CafZe.jpg,developing,train,0.3290218412876129
photo_dev (122)_jpg.rf.GhWfiIpPsg4QxBopSal2.jpg,developing,train,0.23728476464748383
photo_dev (123)_jpg.rf.3uugrAShZd1yvjxNdpRB.jpg,developing,train,0.3188974857330322
photo_dev (124)_jpg.rf.Pmi0IjohX4OiY3qZMild.jpg,developing,train,0.3397640287876129
photo_dev (126)_jpg.rf.hCPwMYwf2ZdtwdDU4N0I.jpg,developing,train,0.27959582209587097
photo_dev (127)_jpg.rf.dHWb1DK1HhQuaq8ktPqR.jpg,developing,train,0.4165537357330322
photo_dev (128)_jpg.rf.6hwEVLaANW905xNqVliq.jpg,developing,train,0.1590401828289032
photo_dev (129)_jpg.rf.WdzYxNsn8SbqNUD0EyYW.jpg,developing,train,0.21745455265045166
photo_dev (130)_jpg.rf.0vmC4QzNzhPJPdslAC8p.jpg,developing,train,0.23782286047935486
photo_dev (132)_jpg.rf.QSIBD3fRTSJzCeMaU1BD.jpg,developing,train,0.1988002210855484
photo_dev (133)_jpg.rf.WTgD7JW4t9ddtRqxRHuC.jpg,developing,train,0.2944435477256775
photo_dev (135)_jpg.rf.mcXO98Gk2tgL7ruxGoWJ.jpg,developing,train,0.2565569281578064
photo_dev (136)_jpg.rf.ZcJU02jO9VnSRwBKq6Dp.jpg,developing,train,0.13833306729793549
photo_dev (137)_jpg.rf.q1UTjhhPsyAsnxVrEVg4.jpg,developing,train,0.11092952638864517
photo_dev (138)_jpg.rf.N6lM9RkDmSVmUPuoGibU.jpg,developing,train,0.14315609633922577
photo_dev (139)_jpg.rf.UbugaDZTFWo5NxFW2hMn.jpg,developing,train,0.21984614431858063
photo_dev (140)_jpg.rf.dzIbORIBScVxFoSeTyG9.jpg,developing,train,0.17251275479793549
photo_dev (142)_jpg.rf.DWq7XeV3gRZeb9X9Y0OD.jpg,developing,train,0.22427056729793549
photo_dev (143)_jpg.rf.IU3sWz0CglXafy8CtJcB.jpg,developing,train,0.3113042116165161
photo_dev (144)_jpg.rf.EF92HgUVtVfXlXoGRvpZ.jpg,developing,train,0.19493383169174194
photo_dev (145)_jpg.rf.Xy2e2Wp5NZNrcnmryb9V.jpg,developing,train,0.24318398535251617
photo_dev (146)_jpg.rf.1mBPf0hoblrKpfrbS8wz.jpg,developing,train,0.23020966351032257
photo_dev (147)_jpg.rf.ZVvarTlikJw6nBffEla2.jpg,developing,train,0.19744499027729034
photo_dev (15)_jpg.rf.rZnZmVA9rQWZknfYIo0l.jpg,developing,train,0.2891222834587097
photo_dev (151)_jpg.rf.SjK89zTpzUdvYyVFFpPz.jpg,developing,train,0.14722177386283875
photo_dev (152)_jpg.rf.aPF52LBkRc1fhDQtY6er.jpg,developing,train,0.28415974974632263
photo_dev (153)_jpg.rf.X3Ctj8LY3kl2I4nic2EO.jpg,developing,train,0.2841199040412903
photo_dev (155)_jpg.rf.jFnKNkprFjBKMTzXBf0I.jpg,developing,train,0.027802135795354843
photo_dev (157)_jpg.rf.6FZFrvLAHBQK8f7ZI9sa.jpg,developing,train,0.16338488459587097
photo_dev (159)_jpg.rf.FXH09gpicx47qUiUcGt6.jpg,developing,train,0.23628826439380646
photo_dev (16)_jpg.rf.knRVKVLmrWvxWKIPZbDN.jpg,developing,train,0.26977041363716125
photo_dev (161)_jpg.rf.3b0ABhRtCHPlNRE87jaQ.jpg,developing,train,0.1833147257566452
photo_dev (166)_jpg.rf.01RMct2viMVkyiBWCz07.jpg,developing,train,0.24416054785251617
photo_dev (168)_jpg.rf.yPK0c8yv2Q2blO2q8rVM.jpg,developing,train,0.2751116156578064
photo_dev (169)_jpg.rf.m4etIobXsc0rcL1KEG2c.jpg,developing,train,0.23016980290412903
photo_dev (171)_jpg.rf.XqVUm8pdBthOQd0O4VUW.jpg,developing,train,0.19917888939380646
photo_dev (172)_jpg.rf.MllvV2YYBQkvA8w2ixFB.jpg,developing,train,0.09520488232374191
photo_dev (173)_jpg.rf.cwQymPi1F6XfWnXRVbIG.jpg,developing,train,0.29557955265045166
photo_dev (174)_jpg.rf.KZvlNxmozEfidkJy19H8.jpg,developing,train,0.2798748314380646
photo_dev (176)_jpg.rf.HBMyP0d4oawnCUHOA1DD.jpg,developing,train,0.30731824040412903
photo_dev (177)_jpg.rf.oHMOA6r47Mp5dtm2BDSu.jpg,developing,train,0.25428491830825806
photo_dev (179)_jpg.rf.RPtjGGTWyWBcbvL6ZzgG.jpg,developing,train,0.1488560289144516
photo_dev (181)_jpg.rf.BVFzW5aibQg8acUIViEg.jpg,developing,train,0.21392697095870972
photo_dev (182)_jpg.rf.6hkKnmOej403Bl06uCiW.jpg,developing,train,0.375
photo_dev (183)_jpg.rf.ZtvkfcVNQj6OwgJIPwNE.jpg,developing,train,0.3304169178009033
photo_dev (184)_jpg.rf.A1hpCctrLH4z5brXlSe4.jpg,developing,train,0.3724091053009033
photo_dev (185)_jpg.rf.UqUKvkHfmHBnjIonANmC.jpg,developing,train,0.22724011540412903
photo_dev (19)_jpg.rf.x7bZJLJ6Nrajfb5XhQhB.jpg,developing,train,0.29195234179496765
photo_dev (193)_jpg.rf.Lwp9O0P3W5pJbPltrCDO.jpg,developing,train,0.24607382714748383
photo_dev (194)_jpg.rf.J50Gofhl8yKOTOaxr0gc.jpg,developing,train,0.22801737487316132
photo_dev (197)_jpg.rf.GrzF5ESpYfmcVbEQi7yT.jpg,developing,train,0.2684749662876129
photo_dev (198)_jpg.rf.nWyeBLABwR3jhapGtnV2.jpg,developing,train,0.2237723171710968
photo_dev (2)_jpg.rf.j8p236ttGGGN96Rd3Ynh.jpg,developing,train,0.26741868257522583
photo_dev (200)_jpg.rf.871rG3kj5PavuPEQzwhp.jpg,developing,train,0.30959025025367737
photo_dev (201)_jpg.rf.6rvZyFRIQ1nHmrq2xXlM.jpg,developing,train,0.2286551296710968
photo_dev (202)_jpg.rf.6X3sSrsv39ooqNq0wtvQ.jpg,developing,train,0.3329480290412903
photo_dev (203)_jpg.rf.iQIc0iRGbDVGXzUjUexl.jpg,developing,train,0.26546555757522583
photo_dev (204)_jpg.rf.THXm0TslWgvkeZZPlxAh.jpg,developing,train,0.23118622601032257
photo_dev (205)_jpg.rf.brGDlF7q5M8w0DisI5lP.jpg,developing,train,0.4372408986091614
photo_dev (207)_jpg.rf.ulcyuKiUzDoKMtnr3HDi.jpg,developing,train,0.22588488459587097
photo_dev (208)_jpg.rf.oD7YqP1wnRGl1bubn50m.jpg,developing,train,0.24398118257522583
photo_dev (209)_jpg.rf.zyOhJAgm6ZyoZLIUSDW8.jpg,developing,train,0.19359853863716125
photo_dev (210)_jpg.rf.fyy0rqt1D5QdoqxgcMe3.jpg,developing,train,0.14702248573303223
photo_dev (211)_jpg.rf.0YpbpnhPCvcBz3C0CvsZ.jpg,developing,train,0.2562579810619354
photo_dev (214)_jpg.rf.INARBQoOpEh8kYs5Ja48.jpg,developing,train,0.2563576102256775
photo_dev (216)_jpg.rf.NsNzL05M0k4z1iaeavBW.jpg,developing,train,0.3581792116165161
photo_dev (217)_jpg.rf.HOB9p1HqgpUel6sRPeN9.jpg,developing,train,0.11224489659070969
photo_dev (219)_jpg.rf.WIJ2GkHSrotBSjTEIC5H.jpg,developing,train,0.32676976919174194
photo_dev (220)_jpg.rf.TlLnODp2UGwVJ4cNlx0k.jpg,developing,train,0.41228875517845154
photo_dev (221)_jpg.rf.Yz2G9PDxUTMgbEUQyYnn.jpg,developing,train,0.3071189522743225
photo_dev (222)_jpg.rf.AT06A3iDoVRk0U7X5gmI.jpg,developing,train,0.22506776452064514
photo_dev (223)_jpg.rf.amPHPJHyAtNQNw8Dbfgt.jpg,developing,train,0.2733777165412903
photo_dev (225)_jpg.rf.r6mf6puRbYrIqHwL6ks1.jpg,developing,train,0.21588009595870972
photo_dev (226)_jpg.rf.uqIXsbvr1pfDoKmaqLSP.jpg,developing,train,0.16424186527729034
photo_dev (23)_jpg.rf.kpydPm8xWbCHLzzATkvF.jpg,developing,train,0.16647401452064514
photo_dev (233)_jpg.rf.E5zp801hWqQthl3lVSZG.jpg,developing,train,0.13345025479793549
photo_dev (234)_jpg.rf.MhYlhvK5rH5o8pCAPdRn.jpg,developing,train,0.1964883655309677
photo_dev (236)_jpg.rf.PCX1J95nL6cgkyHzpTbt.jpg,developing,train,0.11758609861135483
photo_dev (237)_jpg.rf.FoF8Z3GVbgWWfR5mbKtn.jpg,developing,train,0.13542330265045166
photo_dev (239)_jpg.rf.XGt8VaJ97MsGOLSTVJx2.jpg,developing,train,0.35152265429496765
photo_dev (24)_jpg.rf.fthdXuw2YHKQGVUOgc65.jpg,developing,train,0.2477678507566452
photo_dev (240)_jpg.rf.opOfRWZXgteqFptgyZ87.jpg,developing,train,0.2195272594690323
photo_dev (241)_jpg.rf.aDFb0gN8pAfSydSPDD3S.jpg,developing,train,0.2214604616165161
photo_dev (243)_jpg.rf.bmGJwrzYXcmEmxVwYWUi.jpg,developing,train,0.33380499482154846
photo_dev (245)_jpg.rf.DkDCckb9fSP9gtSqsVZN.jpg,developing,train,0.2614397406578064
photo_dev (246)_jpg.rf.FabkM6f8lfgMRPdm9buu.jpg,developing,train,0.25081712007522583
photo_dev (248)_jpg.rf.VDYih4pERA31bzdfl0Ef.jpg,developing,train,0.06632652878761292
photo_dev (250)_jpg.rf.a09zxwpA4uWRIVQp2idV.jpg,developing,train,0.20384247601032257
photo_dev (252)_jpg.rf.4XAeOvnpPPZtXzXO3iTb.jpg,developing,train,0.2592872977256775
photo_dev (253)_jpg.rf.MIRTpTL5udjvjBhzCSYz.jpg,developing,train,0.23796236515045166
photo_dev (254)_jpg.rf.ITEui1WoJNG1VMA8w3zy.jpg,developing,train,0.19385762512683868
photo_dev (255)_jpg.rf.sgyHds9l6C2m3f8SkQFU.jpg,developing,train,0.1166294664144516
photo_dev (26)_jpg.rf.azhyjKtFCOtOWII4BtPo.jpg,developing,train,0.3233219087123871
photo_dev (29)_jpg.rf.TDs9UBef2L7GsgvnynVa.jpg,developing,train,0.23188376426696777
photo_dev (31)_jpg.rf.AppPb1CMWwLLAilxqbWd.jpg,developing,train,0.2724609375
photo_dev (35)_jpg.rf.jvBamoKw2IMRMe5z0AKg.jpg,developing,train,0.2831234037876129
photo_dev (36)_jpg.rf.9M47cs0f5brQuSnKjEKt.jpg,developing,train,0.24609375
photo_dev (4)_jpg.rf.5IcqgLw5LKSyid5rFNQS.jpg,developing,train,0.19090799987316132
photo_dev (41)_jpg.rf.d5wmQmbjVINI2ZCsTexL.jpg,developing,train,0.22040417790412903
photo_dev (44)_jpg.rf.c5KyE6j3yKjae5gwEMVy.jpg,developing,train,0.26092156767845154
photo_dev (45)_jpg.rf.liAUlnuTF7RT7M6Hhle0.jpg,developing,train,0.24641263484954834
photo_dev (46)_jpg.rf.XIaSZVcOnmJh5ge0NQS9.jpg,developing,train,0.26365193724632263
photo_dev (47)_jpg.rf.AkX7iv0FA6pzQ6PAvXn5.jpg,developing,train,0.3195551633834839
photo_dev (48)_jpg.rf.PAxWqyyFbT66DY9QSPms.jpg,developing,train,0.4288504421710968
photo_dev (49)_jpg.rf.fLaXjNv0DZO3n6cWZJ8b.jpg,developing,train,0.21607939898967743
photo_dev (50)_jpg.rf.xkPSqgqkrtOvYcgaWtcT.jpg,developing,train,0.12344547361135483
photo_dev (52)_jpg.rf.WYRu1rgGLLAR8zACBX8x.jpg,developing,train,0.1531010866165161
photo_dev (53)_jpg.rf.VKnqYc7q1dMwD3hILZWk.jpg,developing,train,0.18050462007522583
photo_dev (55)_jpg.rf.8d8blgy9AMc9ztcKiJAv.jpg,developing,train,0.3238799571990967
photo_dev (58)_jpg.rf.kLnMUUHJUwIrhCHzS2ef.jpg,developing,train,0.3016980290412903
photo_dev (60)_jpg.rf.rZl9ZM8og1Ovb8pz4MY3.jpg,developing,train,0.24834582209587097
photo_dev (61)_jpg.rf.juVm7WzHZ99sDIuqDmHF.jpg,developing,train,0.3537747263908386
photo_dev (64)_jpg.rf.eQQKqbU37fAAZj5YLqPi.jpg,developing,train,0.2189692258834839
photo_dev (66)_jpg.rf.vSlu9aRDedvlsY4onjgM.jpg,developing,train,0.2060546875
photo_dev (68)_jpg.rf.mqvYSpHGFmGQEVFvl8Qi.jpg,developing,train,0.37390387058258057
photo_dev (70)_jpg.rf.emvcbzO2JxNjfWLh214A.jpg,developing,train,0.18620455265045166
photo_dev (71)_jpg.rf.UnKYINdr6Hypx2tU4YDm.jpg,developing,train,0.16511878371238708
photo_dev (72)_jpg.rf.i9N50fidAe5WH95cMUuX.jpg,developing,train,0.16886559128761292
photo_dev (82)_jpg.rf.bszqQHTZFad2Ynj6g0Ub.jpg,developing,train,0.2594866156578064
photo_dev (84)_jpg.rf.do2lNIiXUyGCdqeGWsj3.jpg,developing,train,0.19774393737316132
photo_dev (93)_jpg.rf.kHkf0doJIyGA1c9J1Jx7.jpg,developing,train,0.24613361060619354
photo_dev (94)_jpg.rf.XF2HCkTYi2TfyJkYYQsc.jpg,developing,train,0.13697783648967743
photo_dev (97)_jpg.rf.nQgt3isXJ5ALrHgvOm0n.jpg,developing,train,0.3391262888908386
photo_dev (98)_jpg.rf.btZOIRNYBVkPfUFs1jqF.jpg,developing,train,0.11385921388864517
photo_flow (1)_jpg.rf.b1T88Kzlx99O6Ahp43TB.jpg,flowering,train,0.08681441098451614
photo_flow (10)_jpg.rf.GOL5VDeh4Wum7vlT5n2m.jpg,flowering,train,0.17763473093509674
photo_flow (100)_jpg.rf.cXMeQcg1bYRtX4j9UDMh.jpg,flowering,train,0.3264309763908386
photo_flow (101)_jpg.rf.rhkMDHAAidGhY7bxNOFi.jpg,flowering,train,0.3207908272743225
photo_flow (103)_jpg.rf.TQZmTMcp9A0GVSUxm3eI.jpg,flowering,train,0.2531887888908386
photo_flow (105)_jpg.rf.OXueT0Klya5M5T13bYGN.jpg,flowering,train,0.11332111060619354
photo_flow (107)_jpg.rf.zQEWQy6FpEEOmDzZ8RSq.jpg,flowering,train,0.20316486060619354
photo_flow (109)_jpg.rf.Jxj9aMpyPiWfJjsKIoiq.jpg,flowering,train,0.2518734037876129
photo_flow (111)_jpg.rf.wB9JEHMcyrOzfmMZEABH.jpg,flowering,train,0.3979392647743225
photo_flow (115)_jpg.rf.176WeN6M4YZbzu057AaG.jpg,flowering,train,0.17514349520206451
photo_flow (117)_jpg.rf.N1r0iieI30Pi414Xyr7P.jpg,flowering,train,0.21765385568141937
photo_flow (119)_jpg.rf.dAWhoOx2oj2szFkjXsQe.jpg,flowering,train,0.22574537992477417
photo_flow (12)_jpg.rf.uH3mxb6tEYCgleyx0jQE.jpg,flowering,train,0.11009247601032257
photo_flow (123)_jpg.rf.9PhQfVgYRwYiLdO9anND.jpg,flowering,train,0.23949697613716125
photo_flow (125)_jpg.rf.6h3GDzAuKaIjpjcW8Cro.jpg,flowering,train,0.24934232234954834
photo_flow (127)_jpg.rf.tGEWU1Ji3IfUEjwN8TrC.jpg,flowering,train,0.1886160671710968
photo_flow (13)_jpg.rf.5bUc9pEfYXNTMIuDV8ur.jpg,flowering,train,0.15383848547935486
photo_flow (131)_jpg.rf.mwBLln31BbYxE3M61PZB.jpg,flowering,train,0.23519212007522583
photo_flow (133)_jpg.rf.8byMOQZoFJhDhtWH9mSN.jpg,flowering,train,0.18383291363716125
photo_flow (135)_jpg.rf.hdktkcyNVWrhcHg2fXVB.jpg,flowering,train,0.23054847121238708
photo_flow (139)_jpg.rf.Xvp6TXqAdziesTfUzYWf.jpg,flowering,train,0.27606824040412903
photo_flow (14)_jpg.rf.UNIWsPR1F68nV2YeiFRv.jpg,flowering,train,0.1916254758834839
photo_flow (141)_jpg.rf.5ngvhhzotxlz2ehT8j9j.jpg,flowering,train,0.1883370578289032
photo_flow (143)_jpg.rf.tjZR5Gn6n4MBxccHWGkR.jpg,flowering,train,0.14204001426696777
photo_flow (145)_jpg.rf.FpCRzHM1i0YGu5OyaDfW.jpg,flowering,train,0.16543765366077423
photo_flow (149)_jpg.rf.FYxCkzrzyvENnhxeyNHZ.jpg,flowering,train,0.13374920189380646
photo_flow (15)_jpg.rf.DlXAeJtnVRPnXJiQS0Y6.jpg,flowering,train,0.15399792790412903
photo_flow (151)_jpg.rf.IgXtAQ2NfKv9IkNojdCb.jpg,flowering,train,0.28134965896606445
photo_flow (153)_jpg.rf.d5JbhPS8ykhkT1d4yv1A.jpg,flowering,train,0.1892338991165161
photo_flow (155)_jpg.rf.oaQtPRuiAIXB923rdVF7.jpg,flowering,train,0.14325574040412903
photo_flow (157)_jpg.rf.HfoWdGGgHEbiLLRg9mI5.jpg,flowering,train,0.1489955335855484
photo_flow (159)_jpg.rf.cSVeyC3icDJuOoMKNhYh.jpg,flowering,train,0.1392897069454193
photo_flow (163)_jpg.rf.8snAROjGRoSkZ2qtrQNJ.jpg,flowering,train,0.18584582209587097
photo_flow (169)_jpg.rf.GWdVxcL9wKHmeMgQSpec.jpg,flowering,train,0.34909120202064514
photo_flow (17)_jpg.rf.NpeiOFgYlT3Uqp6qrwIo.jpg,flowering,train,0.14339524507522583
photo_flow (171)_jpg.rf.XzfP2b20ljnh3rJhh4WL.jpg,flowering,train,0.3881138265132904
photo_flow (177)_jpg.rf.vJW91tZFPRVyUk6puxmY.jpg,flowering,train,0.1847895383834839
photo_flow (179)_jpg.rf.ixNMGa9gz0OR5ipF5ok1.jpg,flowering,train,0.32565370202064514
photo_flow (18)_jpg.rf.bd7BTRvDmigcnWnPitKC.jpg,flowering,train,0.1632852405309677
photo_flow (183)_jpg.rf.k0SqYfPUkVM0RdRri7xM.jpg,flowering,train,0.14682318270206451
photo_flow (185)_jpg.rf.uti202tmYPvz9eU0pTqe.jpg,flowering,train,0.2857740819454193
photo_flow (187)_jpg.rf.GVDvPtbjQ2Z0UNeh2zYr.jpg,flowering,train,0.21809232234954834
photo_flow (19)_jpg.rf.7UdLLMLJp5ZkncV6k68I.jpg,flowering,train,0.10606664419174194
photo_flow (191)_jpg.rf.cFETqVktKoKnPimxZfnM.jpg,flowering,train,0.25225207209587097
photo_flow (195)_jpg.rf.MykOps4Kgo2rBG0YkQDu.jpg,flowering,train,0.21402662992477417
photo_flow (197)_jpg.rf.XfHBRWksIaZYm0eqCQOA.jpg,flowering,train,0.29027822613716125
photo_flow (199)_jpg.rf.wFazcwZ0BC8GtUchOyjR.jpg,flowering,train,0.33009806275367737
photo_flow (2)_jpg.rf.fX5MTFJqqOeqIUp6q7nI.jpg,flowering,train,0.21966677904129028
photo_flow (20)_jpg.rf.zZD2CIA5CVlRMWVBbEvS.jpg,flowering,train,0.12266820669174194
photo_flow (203)_jpg.rf.vZtTd5BdaNpd8isZyddh.jpg,flowering,train,0.24376195669174194
photo_flow (205)_jpg.rf.ZVPke9fsgp297iMhctcB.jpg,flowering,train,0.2560586631298065
photo_flow (207)_jpg.rf.iMywzijq6PMdNGC9nyKh.jpg,flowering,train,0.23790258169174194
photo_flow (209)_jpg.rf.nfmXnKwkeNk4k9Hn4ZzF.jpg,flowering,train,0.24069276452064514
photo_flow (21)_jpg.rf.7hrduOL3Bgo894dY7X6D.jpg,flowering,train,0.22012515366077423
photo_flow (211)_jpg.rf.91H2r4N2AFLSzpByiM3P.jpg,flowering,train,0.2776028513908386
photo_flow (215)_jpg.rf.muOao3QFb3mvHiLNdoz5.jpg,flowering,train,0.1824178844690323
photo_flow (216)_jpg.rf.T6gFtOtXuyqgtmntBnJI.jpg,flowering,train,0.1335698366165161
photo_flow (218)_jpg.rf.YlLdleKmGgRzk0Hxt03h.jpg,flowering,train,0.1837930530309677
photo_flow (22)_jpg.rf.LlQl1SOfix07aSEBiakz.jpg,flowering,train,0.22393175959587097
photo_flow (222)_jpg.rf.iJQndUL1UnyAYo8o6eN7.jpg,flowering,train,0.10995296388864517
photo_flow (224)_jpg.rf.T3OIIHhkWNo2Yo0UtX0p.jpg,flowering,train,0.08372528851032257
photo_flow (226)_jpg.rf.1g0vGYELhdAkhHz0gWYq.jpg,flowering,train,0.14873644709587097
photo_flow (227)_jpg.rf.nMIE6N9TphnSERu4bgTX.jpg,flowering,train,0.12474091351032257
photo_flow (228)_jpg.rf.zzMTFqfHEaUrpggnHUld.jpg,flowering,train,0.11840321868658066
photo_flow (23)_jpg.rf.VCYXNIOwv2Nuhw7TMSk4.jpg,flowering,train,0.2838209569454193
photo_flow (230)_jpg.rf.XE02pbR8heaGiAYnV2Rh.jpg,flowering,train,0.15357939898967743
photo_flow (232)_jpg.rf.jqS4311WHeWrVhbrngOG.jpg,flowering,train,0.13920998573303223
photo_flow (234)_jpg.rf.77UJGtRzy3ZxCF352Cx3.jpg,flowering,train,0.2045200914144516
photo_flow (24)_jpg.rf.XcFshbgKtX22fKpeNmDB.jpg,flowering,train,0.22379225492477417
photo_flow (244)_jpg.rf.9pWKvjOYYKqZuUXGXVUU.jpg,flowering,train,0.10158243030309677
photo_flow (246)_jpg.rf.PzQFmWRjGkBFmiV9BkOr.jpg,flowering,train,0.08934550732374191
photo_flow (25)_jpg.rf.9uY1vxNmFLOndkj8zPR9.jpg,flowering,train,0.1806640625
photo_flow (252)_jpg.rf.6ybHLWS1sM03DWFmlm1o.jpg,flowering,train,0.20077328383922577
photo_flow (257)_jpg.rf.MGE3F9gHeONwOQQr0zvF.jpg,flowering,train,0.10040657222270966
photo_flow (258)_jpg.rf.qQ9QT4ieU1kjARU3BW74.jpg,flowering,train,0.15850207209587097
photo_flow (26)_jpg.rf.MwgqT18o9PbTcikSnuTm.jpg,flowering,train,0.14496970176696777
photo_flow (262)_jpg.rf.mDViSSfDG8OZ8sNDbvjr.jpg,flowering,train,0.13719706237316132
photo_flow (268)_jpg.rf.sHpnpCS0eivxzvpRchM7.jpg,flowering,train,0.19652822613716125
photo_flow (27)_jpg.rf.eLZQrW40QjwBq76oMx6d.jpg,flowering,train,0.13271285593509674
photo_flow (270)_jpg.rf.njyUa7m8odutfkYsgwHZ.jpg,flowering,train,0.19409677386283875
photo_flow (271)_jpg.rf.6WLrFSAdtyzeTIFswHSy.jpg,flowering,train,0.29306840896606445
photo_flow (273)_jpg.rf.1ROHJOpyg4x6V2e8fRlI.jpg,flowering,train,0.11979831010103226
photo_flow (274)_jpg.rf.NJ4JVc9OCpEJxsGfsNTc.jpg,flowering,train,0.10855787992477417
photo_flow (275)_jpg.rf.AheUF2AOzTDMwYzxbzh5.jpg,flowering,train,0.17406728863716125
photo_flow (279)_jpg.rf.QhaGzhYLU7ONiKUbK2MA.jpg,flowering,train,0.2084263414144516
photo_flow (28)_jpg.rf.5ka4sWhPQrrubEQPh2oi.jpg,flowering,train,0.1384526491165161
photo_flow (283)_jpg.rf.nwnGvnBJjFwnvAxHingM.jpg,flowering,train,0.13291214406490326
photo_flow (284)_jpg.rf.atvXc83xJpKbtVjll27U.jpg,flowering,train,0.18189971148967743
photo_flow (286)_jpg.rf.woZDKhQbxXk3Ua5QELFv.jpg,flowering,train,0.17781409621238708
photo_flow (287)_jpg.rf.IkpC7C3e983eL7q9wpY5.jpg,flowering,train,0.14949378371238708
photo_flow (296)_jpg.rf.bwjndOTfH2udTK5kSNpo.jpg,flowering,train,0.14849728345870972
photo_flow (299)_jpg.rf.uqcFPI9Ho7RMOja9etlc.jpg,flowering,train,0.1400071680545807
photo_flow (3)_jpg.rf.6HlbkonLISB8viDuUFdj.jpg,flowering,train,0.25811144709587097
photo_flow (301)_jpg.rf.dFjLGWcyN9q3sfjuSRSj.jpg,flowering,train,0.25017938017845154
photo_flow (307)_jpg.rf.r7EmBhJefPb5sMKu58r7.jpg,flowering,train,0.14943398535251617
photo_flow (308)_jpg.rf.sOnfmzzBp0FYoiCoIaD5.jpg,flowering,train,0.11226482689380646
photo_flow (309)_jpg.rf.Mjq5an4F6bYIi26TxuyR.jpg,flowering,train,0.1623086780309677
photo_flow (313)_jpg.rf.zRS1zFw4RjjuJc3MqqaY.jpg,flowering,train,0.15740592777729034
photo_flow (315)_jpg.rf.PXkov3T1aT1XmKcYz1AS.jpg,flowering,train,0.1696428507566452
photo_flow (318)_jpg.rf.yVjpKZg5AQmzVMs1POvb.jpg,flowering,train,0.23188376426696777
photo_flow (320)_jpg.rf.O7HWXqAzZM2sjcvFtPRH.jpg,flowering,train,0.20715083181858063
photo_flow (321)_jpg.rf.qfOdKJRdYGNUKn58hj7l.jpg,flowering,train,0.2535076439380646
photo_flow (323)_jpg.rf.NBEZJDIei7amsxbsGzjL.jpg,flowering,train,0.1409837305545807
photo_flow (324)_jpg.rf.AGSK2jOP0HqYKZ42tX9k.jpg,flowering,train,0.17797353863716125
photo_flow (325)_jpg.rf.KDVUPE7IVmShbOTfuVsI.jpg,flowering,train,0.14423230290412903
photo_flow (336)_jpg.rf.vDuZ6PMdY34I99n26JqK.jpg,flowering,train,0.2203443944454193
photo_flow (34)_jpg.rf.sBwjPRSPHckEiVEnNnkq.jpg,flowering,train,0.1925223171710968
photo_flow (342)_jpg.rf.qjDT946kxT3jQ0wwNilJ.jpg,flowering,train,0.18572624027729034
photo_flow (343)_jpg.rf.KXq2J0f1wOQmj34yFN6n.jpg,flowering,train,0.19688695669174194
photo_flow (344)_jpg.rf.H6ScUhxBkBlLde5JTkBm.jpg,flowering,train,0.18634407222270966
photo_flow (345)_jpg.rf.hQN7rp4z8cz9YBjpJaEx.jpg,flowering,train,0.20818717777729034
photo_flow (346)_jpg.rf.e5C5dSEbGzsesQtAXUyT.jpg,flowering,train,0.11443717777729034
photo_flow (347)_jpg.rf.TyNbeRzPQPw5dhHEHUJ3.jpg,flowering,train,0.14580675959587097
photo_flow (348)_jpg.rf.R8RwlLw2XytLlQ5xdNj3.jpg,flowering,train,0.16864636540412903
photo_flow (35)_jpg.rf.Oxsz0VjrTyyM8h039yaT.jpg,flowering,train,0.14688296616077423
photo_flow (350)_jpg.rf.omYgaNrycxiEwbPjxXif.jpg,flowering,train,0.1487962305545807
photo_flow (351)_jpg.rf.l4IhDr2sVpqGYTVdIC10.jpg,flowering,train,0.20448023080825806
photo_flow (356)_jpg.rf.3pkrfdp4S41iL3C7vXWM.jpg,flowering,train,0.09817442297935486
photo_flow (36)_jpg.rf.9huZpASCpOTxexz5ZQwb.jpg,flowering,train,0.30939093232154846
photo_flow (364)_jpg.rf.llkz0s8ofasrFVeRmIur.jpg,flowering,train,0.1256975382566452
photo_flow (369)_jpg.rf.qEdUdulrh97z5SonNqsY.jpg,flowering,train,0.23056839406490326
photo_flow (374)_jpg.rf.eg0nEuxNQD5PbCiSrpm0.jpg,flowering,train,0.1527622789144516
photo_flow (375)_jpg.rf.0b9og60XmzKCOWYZuKYc.jpg,flowering,train,0.18943320214748383
photo_flow (376)_jpg.rf.yr9xX8nJu3nKXcAA3sH3.jpg,flowering,train,0.11401865631341934
photo_flow (379)_jpg.rf.ijirzn0HcFTY2SiMYGY2.jpg,flowering,train,0.1688058078289032
photo_flow (38)_jpg.rf.75Q9D4ByIEO6VpqrkMY1.jpg,flowering,train,0.26432955265045166
photo_flow (380)_jpg.rf.IUizmc1fRqB2aFC9Lyu0.jpg,flowering,train,0.1702806055545807
photo_flow (381)_jpg.rf.QXhNiqxpRMBYeWs6sSCJ.jpg,flowering,train,0.22454959154129028
photo_flow (382)_jpg.rf.MWa1F2pVNH9nNNLTacGk.jpg,flowering,train,0.22512754797935486
photo_flow (389)_jpg.rf.ehzT5iZJ0g5Qq4lkk1UB.jpg,flowering,train,0.12236925959587097
photo_flow (39)_jpg.rf.MCUvYE2bzkP4KHTsghhG.jpg,flowering,train,0.1658761203289032
photo_flow (393)_jpg.rf.KywQtaDFGSZ3ICoJVY2b.jpg,flowering,train,0.10823899507522583
photo_flow (397)_jpg.rf.bERWtJNFTckrH9zdEbFe.jpg,flowering,train,0.1587611585855484
photo_flow (398)_jpg.rf.kVysK03sqNn4yNAiAiyb.jpg,flowering,train,0.1648198366165161
photo_flow (4)_jpg.rf.uiYMg19PigVzwivH4mNb.jpg,flowering,train,0.22271603345870972
photo_flow (40)_jpg.rf.1RRsUW7RXVO2L6pLNKUz.jpg,flowering,train,0.12085459381341934
photo_flow (400)_jpg.rf.oHo1tBlPNwi51r75EfpP.jpg,flowering,train,0.16988201439380646
photo_flow (405)_jpg.rf.d5VfaRPLbjxjLHCIK7Vf.jpg,flowering,train,0.2467912882566452
photo_flow (406)_jpg.rf.s2V2RHMon52wUAiLc2dQ.jpg,flowering,train,0.20756936073303223
photo_flow (407)_jpg.rf.CzummZdZqrUGgbuFmEuj.jpg,flowering,train,0.2346540242433548
photo_flow (41)_jpg.rf.1e2KKasrCuwQtHj7o6FC.jpg,flowering,train,0.3016780912876129
photo_flow (411)_jpg.rf.uFUSRB8DZxE5GIcMD0FN.jpg,flowering,train,0.1964883655309677
photo_flow (412)_jpg.rf.PibFC3U3IV3ggSvNP8x7.jpg,flowering,train,0.1838129758834839
photo_flow (413)_jpg.rf.Gm1ZC00zfdjqrkac8ikV.jpg,flowering,train,0.2150629758834839
photo_flow (419)_jpg.rf.entqkCa0HWXPkmlDtzbS.jpg,flowering,train,0.10439253598451614
photo_flow (42)_jpg.rf.MQ76ol1hGW0FzeC83V5s.jpg,flowering,train,0.30640146136283875
photo_flow (421)_jpg.rf.6YYlOWJJ84GvrH2tqk2z.jpg,flowering,train,0.2367466539144516
photo_flow (422)_jpg.rf.LD0h1afeO48pR0thEPzR.jpg,flowering,train,0.19549186527729034
photo_flow (423)_jpg.rf.IpBMWYBlg1PWy7uJGEzC.jpg,flowering,train,0.1369977742433548
photo_flow (424)_jpg.rf.YjKjz4lBLCnKw3jtAyvA.jpg,flowering,train,0.1675502210855484
photo_flow (425)_jpg.rf.tXqf2SzgCnikLaVRdYJH.jpg,flowering,train,0.17998644709587097
photo_flow (428)_jpg.rf.hEJj2EklEHNUGbxAzfKh.jpg,flowering,train,0.20768892765045166
photo_flow (429)_jpg.rf.L4GrpR3SvAuLuYKRzoZu.jpg,flowering,train,0.15581154823303223
photo_flow (43)_jpg.rf.m18QZcN4WFkYcZjdZiDz.jpg,flowering,train,0.31865832209587097
photo_flow (432)_jpg.rf.ZbVVyWjvar3YgNjXAzcm.jpg,flowering,train,0.18257732689380646
photo_flow (433)_jpg.rf.5kl5TqhcjU3ZKOXnv9sb.jpg,flowering,train,0.20364317297935486
photo_flow (435)_jpg.rf.KW76Ris7cZq53pu8Gsnw.jpg,flowering,train,0.23038902878761292
photo_flow (436)_jpg.rf.07WEMrXdvBsL17ahDmqb.jpg,flowering,train,0.22933274507522583
photo_flow (441)_jpg.rf.BuH3QXIPpnnehyDLFkQT.jpg,flowering,train,0.15250319242477417
photo_flow (443)_jpg.rf.DuMO3p7CfDOU7x95RnrA.jpg,flowering,train,0.19226323068141937
photo_flow (447)_jpg.rf.ZGPE1OT1mw0SHna6cfqo.jpg,flowering,train,0.11513472348451614
photo_flow (451)_jpg.rf.EWKnqDNyvMteiTB8Thi7.jpg,flowering,train,0.1364397257566452
photo_flow (455)_jpg.rf.bQXTtGuZBe3iekj6JyRO.jpg,flowering,train,0.24017459154129028
photo_flow (456)_jpg.rf.KpozQProyqz8o5zTHEln.jpg,flowering,train,0.13382892310619354
photo_flow (458)_jpg.rf.KAx2gNkzjCApKtWIt36N.jpg,flowering,train,0.1466238796710968
photo_flow (459)_jpg.rf.k33mwZZpvTtZslKGi8cP.jpg,flowering,train,0.17147640883922577
photo_flow (46)_jpg.rf.YHwSs3eIdyjDXdElqvYs.jpg,flowering,train,0.30123963952064514
photo_flow (464)_jpg.rf.ODWakbd0BfU7r5xAMnf5.jpg,flowering,train,0.14973294734954834
photo_flow (466)_jpg.rf.a4ze6CdXM2KZF1m6mynD.jpg,flowering,train,0.19351881742477417
photo_flow (467)_jpg.rf.KGPFLD1JipIUJmuXJreV.jpg,flowering,train,0.2572544515132904
photo_flow (468)_jpg.rf.SWrCLT3rLhAaPBIG12pi.jpg,flowering,train,0.19856107234954834
photo_flow (47)_jpg.rf.RvJDUUshdhPha4GjSMSF.jpg,flowering,train,0.12380421161651611
photo_flow (474)_jpg.rf.ZqqEMo9X2yEL7v4mL62Q.jpg,flowering,train,0.20980149507522583
photo_flow (478)_jpg.rf.3RATdBxqKnuiwdTNdozT.jpg,flowering,train,0.3016183078289032
photo_flow (479)_jpg.rf.QrPHrJvkOpIevKTUVJnw.jpg,flowering,train,0.2385004758834839
photo_flow (482)_jpg.rf.oKRILWJYeJEXRCK6zrEX.jpg,flowering,train,0.1519850194454193
photo_flow (485)_jpg.rf.wl5m1r8eXjdUpW90k5OH.jpg,flowering,train,0.2794363796710968
photo_flow (486)_jpg.rf.u3pc2315Gx4gqfyDp1ez.jpg,flowering,train,0.22122129797935486
photo_flow (488)_jpg.rf.tvePnPgtotCcTUqNunbR.jpg,flowering,train,0.2107979953289032
photo_flow (489)_jpg.rf.r9pgoUPn5VVj6nS8hWBW.jpg,flowering,train,0.19031010568141937
photo_flow (490)_jpg.rf.4RiyJLYAOygtw97mZ6Ri.jpg,flowering,train,0.17175541818141937
photo_flow (494)_jpg.rf.atOOTSo8yn11kcmvGUdy.jpg,flowering,train,0.12832827866077423
photo_flow (497)_jpg.rf.AqdifTi8lOD70q62azdr.jpg,flowering,train,0.2320631444454193
photo_flow (5)_jpg.rf.f4b2fNLHwqRW8xjP27mM.jpg,flowering,train,0.18249760568141937
photo_flow (51)_jpg.rf.sw1lw1DZQzH1IBMLRr3z.jpg,flowering,train,0.1384725719690323
photo_flow (52)_jpg.rf.aRE1zVGS9RsOXxSpi2a9.jpg,flowering,train,0.21069833636283875
photo_flow (53)_jpg.rf.Hci2VXo0nPe1oNGGEvN9.jpg,flowering,train,0.25177374482154846
photo_flow (55)_jpg.rf.EpulQHXXiPLYlTjMWIhg.jpg,flowering,train,0.15989716351032257
photo_flow (56)_jpg.rf.4duNptGAnz2Vs9dLuhId.jpg,flowering,train,0.23686623573303223
photo_flow (57)_jpg.rf.qzesyDqhpiyIVuRmitD4.jpg,flowering,train,0.2748923897743225
photo_flow (59)_jpg.rf.GrrNHf1Op3lhg9BgTm1V.jpg,flowering,train,0.23232223093509674
photo_flow (6)_jpg.rf.jFZ6uf5VmqShySiD1ZNq.jpg,flowering,train,0.13960857689380646
photo_flow (60)_jpg.rf.pfAEZ8NygFR0EvNeVcMA.jpg,flowering,train,0.34853315353393555
photo_flow (61)_jpg.rf.b6E14bUcT3KGaFSGOBZJ.jpg,flowering,train,0.1930006444454193
photo_flow (62)_jpg.rf.i1qLY98VGsP5jAcW5i06.jpg,flowering,train,0.1986607164144516
photo_flow (64)_jpg.rf.EIrkxaWZ7wqXJt1HOED0.jpg,flowering,train,0.3259526491165161
photo_flow (65)_jpg.rf.oi1f4PB57i9A3cDndnLz.jpg,flowering,train,0.15355947613716125
photo_flow (67)_jpg.rf.tqQtyTppMA2qzVP5pnPe.jpg,flowering,train,0.18692202866077423
photo_flow (69)_jpg.rf.noE1qdDTo14ejbqh6cc4.jpg,flowering,train,0.30367109179496765
photo_flow (7)_jpg.rf.109sVgl0KzCx16MKivnb.jpg,flowering,train,0.11421795189380646
photo_flow (73)_jpg.rf.TDwc9VZDNQ9GEfuILptU.jpg,flowering,train,0.12655453383922577
photo_flow (75)_jpg.rf.BpTLYoSL6rdQljKk1UJI.jpg,flowering,train,0.21725526452064514
photo_flow (77)_jpg.rf.YdjNY5nYn84FkgcoHEtq.jpg,flowering,train,0.20380261540412903
photo_flow (79)_jpg.rf.9BwsEd4993GhHVnV4Mf9.jpg,flowering,train,0.29508131742477417
photo_flow (8)_jpg.rf.tXrfnTbzY9nMsyT68p3x.jpg,flowering,train,0.1411830335855484
photo_flow (85)_jpg.rf.rFETMHHZmM8Z1zmlwB72.jpg,flowering,train,0.2116948366165161
photo_flow (89)_jpg.rf.IEqoKbLPICtzBHBb1YYb.jpg,flowering,train,0.2062539905309677
photo_flow (9)_jpg.rf.Zov85enlNc3EDKzRpIhU.jpg,flowering,train,0.13829320669174194
photo_flow (93)_jpg.rf.rp99XkXFtjg7ErvqkCx2.jpg,flowering,train,0.2885841727256775
photo_flow (95)_jpg.rf.dffdiOMvpvrjvPkvoUgG.jpg,flowering,train,0.22672194242477417
photo_fruit (1)_jpg.rf.IK4YW0Dk5Tw1GLB3w25p.jpg,fruiting,train,0.17237325012683868
photo_fruit (113)_jpg.rf.Hv5h6Bgvq7CWh2JBC8db.jpg,fruiting,train,0.15625
photo_fruit (115)_jpg.rf.VMUlW3waKkfWFUIF0BhQ.jpg,fruiting,train,0.13827328383922577
photo_fruit (117)_jpg.rf.TLqo8JGyLmZ69BebTaYc.jpg,fruiting,train,0.16256776452064514
photo_fruit (118)_jpg.rf.AokYHcJKYJTqFpWcgFtl.jpg,fruiting,train,0.23397640883922577
photo_fruit (12)_jpg.rf.Qfp6cgcGtvnN9Hho7EAM.jpg,fruiting,train,0.12376435101032257
photo_fruit (122)_jpg.rf.v8BO8jkl3PAoV7AmUS3J.jpg,fruiting,train,0.12759087979793549
photo_fruit (126)_jpg.rf.4QscUQUSVbRoFLoJaeVi.jpg,fruiting,train,0.15770487487316132
photo_fruit (128)_jpg.rf.W9ahwZVzZ2neX88tDOgI.jpg,fruiting,train,0.11639030277729034
photo_fruit (129)_jpg.rf.cqo6cCmPSZs0feKl7GCa.jpg,fruiting,train,0.12292729318141937
photo_fruit (130)_jpg.rf.far6UklVJ0TFISjZCnJf.jpg,fruiting,train,0.13352997601032257
photo_fruit (131)_jpg.rf.77JWg62pkqglQg3ffDjM.jpg,fruiting,train,0.09456712007522583
photo_fruit (132)_jpg.rf.rhu65FHLVyHlFg6f0D0g.jpg,fruiting,train,0.13739636540412903
photo_fruit (133)_jpg.rf.AkLKPJEEH5yJSed0YmIb.jpg,fruiting,train,0.16934390366077423
photo_fruit (134)_jpg.rf.KZSf1cbsYaE4LnPnq43n.jpg,fruiting,train,0.13723692297935486
photo_fruit (141)_jpg.rf.2LcfEKaRKuMD1vQdb0LA.jpg,fruiting,train,0.11710777878761292
photo_fruit (144)_jpg.rf.OV0HqZRGsiDN0kXXiODB.jpg,fruiting,train,0.10084502398967743
photo_fruit (161)_jpg.rf.GP3lnN2cwTRPKH6fyei6.jpg,fruiting,train,0.14168128371238708
photo_fruit (165)_jpg.rf.9JvFjik4fj1RtZ4YgNN9.jpg,fruiting,train,0.23985570669174194
photo_fruit (166)_jpg.rf.excfZD6GKJoTk5jUbRo8.jpg,fruiting,train,0.22817681729793549
photo_fruit (169)_jpg.rf.EjG6cb7LFLk5ZABUQOoo.jpg,fruiting,train,0.11031170189380646
photo_fruit (175)_jpg.rf.FB2gnaRWq7s4ZBmTuNSb.jpg,fruiting,train,0.14734135568141937
photo_fruit (176)_jpg.rf.13iJTcUBGyu1vcf5TOBp.jpg,fruiting,train,0.1382533460855484
photo_fruit (18)_jpg.rf.0ileZbp5n1kBy9dfLkjr.jpg,fruiting,train,0.22311463952064514
photo_fruit (186)_jpg.rf.NsaTNbXAhXOUJcflMnt4.jpg,fruiting,train,0.12222975492477417
photo_fruit (190)_jpg.rf.i0bBkv5fuZJ3HQbue7o6.jpg,fruiting,train,0.16701211035251617
photo_fruit (199)_jpg.rf.hVde5cxuBkQ0TueE9Tcb.jpg,fruiting,train,0.11190608888864517
photo_fruit (2)_jpg.rf.AXlUe9tmAyYGL0RniMI2.jpg,fruiting,train,0.18181999027729034
photo_fruit (200)_jpg.rf.5UDA9kV4CFhTqFi8Z4gM.jpg,fruiting,train,0.11254384368658066
photo_fruit (205)_jpg.rf.NyRFGLm4O6ftdlny6rEC.jpg,fruiting,train,0.11505500972270966
photo_fruit (208)_jpg.rf.7oWaa18xYXsp7Yk353A7.jpg,fruiting,train,0.16828763484954834
photo_fruit (212)_jpg.rf.BFA6FiUJilYWqyjt15lK.jpg,fruiting,train,0.10479113459587097
photo_fruit (214)_jpg.rf.AIY5Zrh1FbApQY43DiQh.jpg,fruiting,train,0.0816127210855484
photo_fruit (216)_jpg.rf.JCIHCGKGU0ijW7VLQUyj.jpg,fruiting,train,0.15493462979793549
photo_fruit (217)_jpg.rf.POSkPF4FTUinjb7S0T50.jpg,fruiting,train,0.11553332209587097
photo_fruit (23)_jpg.rf.7TA6Ld81DHurryGqKDtQ.jpg,fruiting,train,0.1262555867433548
photo_fruit (24)_jpg.rf.JdyyO322QRVNYetR8QSe.jpg,fruiting,train,0.12258848547935486
photo_fruit (25)_jpg.rf.piJ4YE3KzflMmbD1ApoA.jpg,fruiting,train,0.10556840151548386
photo_fruit (26)_jpg.rf.8FeBwc2d3RLbpp6Qtx1L.jpg,fruiting,train,0.1146763414144516
photo_fruit (260)_jpg.rf.HdtG6Kw0ftn8aocabTdr.jpg,fruiting,train,0.08595743030309677
photo_fruit (271)_jpg.rf.XJrilCWNh98VrkGG1mRE.jpg,fruiting,train,0.06921635568141937
photo_fruit (290)_jpg.rf.I4Mh3z0ZwrCjnnMOSEgn.jpg,fruiting,train,0.2092036008834839
photo_fruit (303)_jpg.rf.PJiViXtxqaQ8gH4wCl5Z.jpg,fruiting,train,0.11645009368658066
photo_fruit (305)_jpg.rf.bzmJbaoJR1oUvNLFBuDG.jpg,fruiting,train,0.15772481262683868
photo_fruit (311)_jpg.rf.JaSjZhv0ydmpQul4nJLo.jpg,fruiting,train,0.1634446680545807
photo_fruit (32)_jpg.rf.E5QyNHR09zkG6PLgXGnB.jpg,fruiting,train,0.19262197613716125
photo_fruit (325)_jpg.rf.B6xtcrtA9AbwDLA0gDA3.jpg,fruiting,train,0.17526307702064514
photo_fruit (35)_jpg.rf.MfiYLywXDEtSKEKJBih9.jpg,fruiting,train,0.13777503371238708
photo_fruit (359)_jpg.rf.KJVpGb77ElcdM3Md3ISV.jpg,fruiting,train,0.15730628371238708
photo_fruit (372)_jpg.rf.CIdu49GTo1Tnxjgn37NJ.jpg,fruiting,train,0.142578125
photo_fruit (373)_jpg.rf.Gzh3dwPbcXW933boDatn.jpg,fruiting,train,0.1771763414144516
photo_fruit (38)_jpg.rf.Bmx0KqtDCYAqDVXFfgul.jpg,fruiting,train,0.17992666363716125
photo_fruit (39)_jpg.rf.M2qcMp5MnMAXcuv8gMZz.jpg,fruiting,train,0.18650351464748383
photo_fruit (43)_jpg.rf.LEEyhb5G70pTI9QaY3XZ.jpg,fruiting,train,0.14251834154129028
photo_fruit (45)_jpg.rf.wLYRCgp8o5Jf2wFrlRhv.jpg,fruiting,train,0.14762037992477417
photo_fruit (46)_jpg.rf.4SMFzeRCqB4jHwXb0iTX.jpg,fruiting,train,0.14086416363716125
photo_fruit (48)_jpg.rf.7TqQ9391UJ0zEcA0BVmv.jpg,fruiting,train,0.19547194242477417
photo_fruit (49)_jpg.rf.LU5efVQlSKBDmGmwH77W.jpg,fruiting,train,0.1064453125
photo_fruit (5)_jpg.rf.6XrZXJLmQybf6sXhnt9f.jpg,fruiting,train,0.1642020046710968
photo_fruit (53)_jpg.rf.QUebaAQ7w7Qg39KfzMv6.jpg,fruiting,train,0.11800462007522583
photo_fruit (54)_jpg.rf.8EIJgk3xNpLK1yGt3EH2.jpg,fruiting,train,0.1400071680545807
photo_fruit (60)_jpg.rf.93zdMZAMOA0VireXxFZy.jpg,fruiting,train,0.1643415242433548
photo_fruit (64)_jpg.rf.SfZgx6pWl1lmoECgBMMi.jpg,fruiting,train,0.15395806729793549
photo_fruit (69)_jpg.rf.NpXWg6rI5tzfHe6e0Hn5.jpg,fruiting,train,0.11094945669174194
photo_fruit (74)_jpg.rf.AG96XFUMM7GT3gyQ4aio.jpg,fruiting,train,0.13091915845870972
photo_fruit (75)_jpg.rf.RE7Cf7lPnY4veDFPRu0T.jpg,fruiting,train,0.1433553844690323
photo_fruit (88)_jpg.rf.RTzXJaCvQcr1KyEdt4uP.jpg,fruiting,train,0.11977837979793549
photo_fruit (9)_jpg.rf.JEt2bdyyxV4OZRA8cQwg.jpg,fruiting,train,0.15975765883922577
photo_fruit (90)_jpg.rf.HU89bC3JBKM9yWwZO2pn.jpg,fruiting,train,0.09552375972270966
photo_fruit (94)_jpg.rf.HkYk9oYAw8BUtNUJnBO7.jpg,fruiting,train,0.17765465378761292
photo_fruit (98)_jpg.rf.NxpHbxRxnR1yHrnWOKWe.jpg,fruiting,train,0.1769571155309677
photo_seed (10)_jpg.rf.YVjATHDO4W3ppH9SFWMT.jpg,seeding,train,0.06224091351032257
photo_seed (101)_jpg.rf.HyX0Fji8k5k790dwt3Pf.jpg,seeding,train,0.03950095549225807
photo_seed (102)_jpg.rf.dM93d7ZHepVLxtezHACm.jpg,seeding,train,0.038584183901548386
photo_seed (103)_jpg.rf.A8c4I3MfVdO8Yf8ntaZR.jpg,seeding,train,0.01542570162564516
photo_seed (104)_jpg.rf.i5jErwEOwdcO0D6HEvqW.jpg,seeding,train,0.02218191884458065
photo_seed (105)_jpg.rf.Nc7vg4XVzDr1jBwPxt7Y.jpg,seeding,train,0.013771524652838707
photo_seed (107)_jpg.rf.gVDC52EYqhMvpFOoItDa.jpg,seeding,train,0.019033003598451614
photo_seed (108)_jpg.rf.n2vyWutRvuJ0wEkUE9fp.jpg,seeding,train,0.013731664977967739
photo_seed (113)_jpg.rf.fDAhnKFe8iAv9DumW48t.jpg,seeding,train,0.056979432702064514
photo_seed (115)_jpg.rf.xbKAjyc5WUhFp9pDixh3.jpg,seeding,train,0.018773915246129036
photo_seed (116)_jpg.rf.XbeukzftgPsu729Bf6Lx.jpg,seeding,train,0.01799665205180645
photo_seed (117)_jpg.rf.z4rQ96gjFmdIQmeVgfge.jpg,seeding,train,0.023238200694322586
photo_seed (120)_jpg.rf.oS0stECjIzLyOuzgucCb.jpg,seeding,train,0.036491550505161285
photo_seed (122)_jpg.rf.rX1T3wUU6J29M96pj8Nd.jpg,seeding,train,0.03852439299225807
photo_seed (124)_jpg.rf.gCabmWAbBYyGgSR4pjE9.jpg,seeding,train,0.02861925959587097
photo_seed (125)_jpg.rf.zEHZhQJCv4GAcZmx4OOS.jpg,seeding,train,0.021703602746129036
photo_seed (126)_jpg.rf.MXkr1ARf8ejGqjLuEeXQ.jpg,seeding,train,0.04253029450774193
photo_seed (128)_jpg.rf.yEeB7uut3zR7lrbHmHqr.jpg,seeding,train,0.07577327638864517
photo_seed (13)_jpg.rf.vD1YG0qnnsTL2ORotdzY.jpg,seeding,train,0.02999441884458065
photo_seed (131)_jpg.rf.lxK0x4IOlDl6Il95tHks.jpg,seeding,train,0.01662149280309677
photo_seed (134)_jpg.rf.gC1BViuRUozN1dHMzXNM.jpg,seeding,train,0.044443558901548386
photo_seed (135)_jpg.rf.e7Rn4YyJmqxnTy8F8YLI.jpg,seeding,train,0.02481265924870968
photo_seed (137)_jpg.rf.42kkEZuU4eDYsCugpLe7.jpg,seeding,train,0.019730549305677414
photo_seed (138)_jpg.rf.v7AEIH4naIg7lu4l25Li.jpg,seeding,train,0.03547512739896774
photo_seed (14)_jpg.rf.psr1cupCJP05riMjIPWY.jpg,seeding,train,0.01715959794819355
photo_seed (140)_jpg.rf.5IyTNl55UploMVRQAFo8.jpg,seeding,train,0.03240593150258064
photo_seed (141)_jpg.rf.0qS4XZ4TMYYsVwMJ6d7F.jpg,seeding,train,0.015864158049225807
photo_seed (142)_jpg.rf.h4MZmyJoHJGJlBCll6qm.jpg,seeding,train,0.02176339365541935
photo_seed (143)_jpg.rf.sKM2HKW7Di49tjXknc3f.jpg,seeding,train,0.010981345549225807
photo_seed (144)_jpg.rf.En3l82zQC2ka7dEr3PzS.jpg,seeding,train,0.013014189898967743
photo_seed (146)_jpg.rf.BSkuRZu0knHxqTgJEKSL.jpg,seeding,train,0.04119499400258064
photo_seed (148)_jpg.rf.DLVLtkRpSviTTUPLGBxd.jpg,seeding,train,0.04538026079535484
photo_seed (15)_jpg.rf.NQ8hQVYOE7qxTFBPpr0c.jpg,seeding,train,0.03109056130051613
photo_seed (150)_jpg.rf.j4fF0tL19B36EV1njqIi.jpg,seeding,train,0.028659120202064514
photo_seed (151)_jpg.rf.4BY8TIzkVYU0aKN0Vraz.jpg,seeding,train,0.024513712152838707
photo_seed (153)_jpg.rf.jjsuBfnmmdQQT6ZeFTgu.jpg,seeding,train,0.017338966950774193
photo_seed (154)_jpg.rf.YFI9EfDbRMUMDKeNf0AT.jpg,seeding,train,0.0385044626891613
photo_seed (155)_jpg.rf.Fbl7U9JAiyizhHciTFpm.jpg,seeding,train,0.03527582809329033
photo_seed (156)_jpg.rf.tViQDFudAQUTlKHFPIAk.jpg,seeding,train,0.07916135340929031
photo_seed (157)_jpg.rf.pAyq4lzVDBPl10cZZ35I.jpg,seeding,train,0.033203125
photo_seed (159)_jpg.rf.V5X9f4zkk1O43b0egUc2.jpg,seeding,train,0.016661351546645164
photo_seed (160)_jpg.rf.NUpweOAqxTG6lEz4Ay4G.jpg,seeding,train,0.0323660708963871
photo_seed (161)_jpg.rf.ZRa626WkvTwdT8XtIC9L.jpg,seeding,train,0.01634247414767742
photo_seed (165)_jpg.rf.05a2qddupjYytlmtyK4I.jpg,seeding,train,0.03840481489896774
photo_seed (167)_jpg.rf.V5qAGlXC3fvrmWVrKf4y.jpg,seeding,train,0.0369698666036129
photo_seed (169)_jpg.rf.Sd52UAMMpyBBETZgaZ1E.jpg,seeding,train,0.030373087152838707
photo_seed (171)_jpg.rf.3yeaMdFkl2y6cINzrV5a.jpg,seeding,train,0.08209104090929031
photo_seed (172)_jpg.rf.vu3OWqacGiDZappj70mP.jpg,seeding,train,0.04524075239896774
photo_seed (173)_jpg.rf.H7n5ClXa0B80GFZMmwOa.jpg,seeding,train,0.03860411420464516
photo_seed (174)_jpg.rf.PEOTjk4FnCnSJ6vVun4P.jpg,seeding,train,0.04920679330825806
photo_seed (178)_jpg.rf.KgGOKlv9Fq5jXV9IbPIx.jpg,seeding,train,0.022261638194322586
photo_seed (179)_jpg.rf.K4d24kJ3ApJjlPZ2hK1k.jpg,seeding,train,0.015684789046645164
photo_seed (18)_jpg.rf.5gTJAQ4wVBOORYmgjY6V.jpg,seeding,train,0.014967314898967743
photo_seed (180)_jpg.rf.fKrZTQ2hSkuXizFLlp3p.jpg,seeding,train,0.056002870202064514
photo_seed (181)_jpg.rf.IbChh9G28Z8Sm0hxQWzf.jpg,seeding,train,0.04089604690670967
photo_seed (182)_jpg.rf.titEZj79HBpgnVo8EtFP.jpg,seeding,train,0.06429368257522583
photo_seed (184)_jpg.rf.Q8XPfr5wYyy7YIsdNzNp.jpg,seeding,train,0.025031886994838715
photo_seed (186)_jpg.rf.CJ40SLojNwv2ZySKDkNC.jpg,seeding,train,0.033940527588129044
photo_seed (187)_jpg.rf.YIBcrjbKwhT9djhUz8WV.jpg,seeding,train,0.02945631369948387
photo_seed (188)_jpg.rf.3aLonUyVNDYhdvSi6dPq.jpg,seeding,train,0.05305325239896774
photo_seed (189)_jpg.rf.XprWYBUJyckHjHBw7x4d.jpg,seeding,train,0.030094068497419357
photo_seed (19)_jpg.rf.Mjj43URo8rYo94nxD76R.jpg,seeding,train,0.02690529264509678
photo_seed (190)_jpg.rf.w5SiRs83qAY2zroVuMrD.jpg,seeding,train,0.03392060101032257
photo_seed (191)_jpg.rf.HMIdPLXO9ME1O9dfQrMM.jpg,seeding,train,0.030592314898967743
photo_seed (192)_jpg.rf.OBfJdRWXrdYcNt4NPltm.jpg,seeding,train,0.034259408712387085
photo_seed (194)_jpg.rf.x5LlkVtKaTMyOy8qe87f.jpg,seeding,train,0.035634566098451614
photo_seed (195)_jpg.rf.jD1jpSqLMzFno60dQmGJ.jpg,seeding,train,0.0394810251891613
photo_seed (196)_jpg.rf.tByL5hdUsyvSMr19jDuY.jpg,seeding,train,0.01012436207383871
photo_seed (2)_jpg.rf.M6JmBnrOdJmuEpQ8zmUv.jpg,seeding,train,0.023955676704645157
photo_seed (201)_jpg.rf.JzzcwZh5QaMSNwfJ5UeC.jpg,seeding,train,0.013153699226677418
photo_seed (203)_jpg.rf.Ng03QS5gcUWgqNEeS5Pa.jpg,seeding,train,0.014887595549225807
photo_seed (208)_jpg.rf.BABTuAFFJpi2571r1P93.jpg,seeding,train,0.02873883955180645
photo_seed (209)_jpg.rf.KZZyDgpGoJdpf7gcM7Un.jpg,seeding,train,0.011459661647677422
photo_seed (21)_jpg.rf.6YdIwL9vCsnwFzcie3RH.jpg,seeding,train,0.019172511994838715
photo_seed (210)_jpg.rf.2cZzVYONdxkmLyZSVuPf.jpg,seeding,train,0.012675382196903229
photo_seed (212)_jpg.rf.JZ6qtJTE3pucDj2fXnkO.jpg,seeding,train,0.03224649280309677
photo_seed (214)_jpg.rf.xwCdfmHmuZhjD7px5224.jpg,seeding,train,0.01171875
photo_seed (215)_jpg.rf.gldrYPxseAvIBcaiERAf.jpg,seeding,train,0.005062181036919355
photo_seed (216)_jpg.rf.ZMB2Xsivi4ThzpFd9zSx.jpg,seeding,train,0.021384725347161293
photo_seed (218)_jpg.rf.BBSRcDykbnrEa1s8OOKG.jpg,seeding,train,0.013572225347161293
photo_seed (219)_jpg.rf.FTSdeYZPqjz2VXWpbQyv.jpg,seeding,train,0.014708227477967739
photo_seed (22)_jpg.rf.A13TEdgQN4KIucyFwwQY.jpg,seeding,train,0.027024872601032257
photo_seed (221)_jpg.rf.MKerr2BuaaGNJ5VLAoT9.jpg,seeding,train,0.015684789046645164
photo_seed (222)_jpg.rf.naWXMycG3kDpNhKIJAeI.jpg,seeding,train,0.05227598920464516
photo_seed (226)_jpg.rf.QFTOBWSOosTgDpXSv7Wk.jpg,seeding,train,0.047114159911870956
photo_seed (227)_jpg.rf.2nbPQVdzSIJQ57cVocm2.jpg,seeding,train,0.011898119002580643
photo_seed (228)_jpg.rf.fuM0pqvE4AA01BJzxDey.jpg,seeding,train,0.02008928544819355
photo_seed (229)_jpg.rf.sKYrovtGHECMwI7kU68S.jpg,seeding,train,0.023517219349741936
photo_seed (23)_jpg.rf.VkCWh5k5wd8QIbZ3dMNx.jpg,seeding,train,0.05333226919174194
photo_seed (230)_jpg.rf.TG5dja4cDja7jjtkCMNa.jpg,seeding,train,0.03220663219690323
photo_seed (232)_jpg.rf.Rn9EJbmWbG70HHG0ezCd.jpg,seeding,train,0.029655613005161285
photo_seed (233)_jpg.rf.eWzI6WmVYHr88AWxp0LE.jpg,seeding,train,0.011439732275903225
photo_seed (234)_jpg.rf.hdsYG9NNqJVWOtkrEihK.jpg,seeding,train,0.01444913912564516
photo_seed (235)_jpg.rf.lpDi24AEphW4Q5P4IqwF.jpg,seeding,train,0.013751594349741936
photo_seed (236)_jpg.rf.lMcKj7kovdQPHP3uChbN.jpg,seeding,train,0.010582748800516129
photo_seed (237)_jpg.rf.t5SNDNbB3DIh0Xf2lRVd.jpg,seeding,train,0.014887595549225807
photo_seed (238)_jpg.rf.BdrydKlMlq9mxQIbuqVa.jpg,seeding,train,0.01727917790412903
photo_seed (240)_jpg.rf.Z7MUjAQXmky3tn1Owf0E.jpg,seeding,train,0.018913425505161285
photo_seed (242)_jpg.rf.nJMTeH3zsuylp0Y9O3aF.jpg,seeding,train,0.008529974147677422
photo_seed (243)_jpg.rf.0Zg1smJx3LUkHi2GCGRo.jpg,seeding,train,0.01883370615541935
photo_seed (244)_jpg.rf.PElQj6Cg4G4IpStwsOKm.jpg,seeding,train,0.01785714365541935
photo_seed (245)_jpg.rf.Lr2OTtCSh12NhUAdLGlh.jpg,seeding,train,0.014329560101032257
photo_seed (248)_jpg.rf.CiGRUbkIc9E7bU4yrH1W.jpg,seeding,train,0.017518335953354836
photo_seed (25)_jpg.rf.tvnHQsMd2SaYYNLH13e7.jpg,seeding,train,0.018793845549225807
photo_seed (250)_jpg.rf.G0aimOGuiDYy9YEFhWA3.jpg,seeding,train,0.01979033835232258
photo_seed (251)_jpg.rf.yEwBfy9xM2JQCBYtxnMY.jpg,seeding,train,0.01717952825129032
photo_seed (252)_jpg.rf.PklrsDassrDYMqWpdVB3.jpg,seeding,train,0.021962691098451614
photo_seed (253)_jpg.rf.2Qeo8H99PyD5SDBYmiOA.jpg,seeding,train,0.010004783049225807
photo_seed (254)_jpg.rf.Y6lYhGFmcdzEduV9guKS.jpg,seeding,train,0.02104591764509678
photo_seed (255)_jpg.rf.l51d9B5LVFxY8WwQgx8R.jpg,seeding,train,0.038305167108774185
photo_seed (257)_jpg.rf.g1N9ORCsbXqrESpgYFtR.jpg,seeding,train,0.015166613273322582
photo_seed (258)_jpg.rf.xWRdrKpnGZb5seZgxDLX.jpg,seeding,train,0.0263671875
photo_seed (259)_jpg.rf.9aukELRXcdjUWW4gjwiY.jpg,seeding,train,0.015365911647677422
photo_seed (26)_jpg.rf.idN3qR0iJxh5YALO7OFG.jpg,seeding,train,0.0700334832072258
photo_seed (261)_jpg.rf.EubQW4PwEQ3NfAOIkrQK.jpg,seeding,train,0.019172511994838715
photo_seed (262)_jpg.rf.Zoue6dbxxLKe2yiyLifu.jpg,seeding,train,0.016481982544064522
photo_seed (265)_jpg.rf.BDa5LjoMh3K5kZzIN1WT.jpg,seeding,train,0.031150350347161293
photo_seed (266)_jpg.rf.cfBrfHiD3Yua0JvVYAw2.jpg,seeding,train,0.019750477746129036
photo_seed (267)_jpg.rf.ZHM1Y2RuHlNoLudCi6OQ.jpg,seeding,train,0.016641423106193542
photo_seed (268)_jpg.rf.7W9PtSQJLtHbi2lOx6OA.jpg,seeding,train,0.02887834794819355
photo_seed (269)_jpg.rf.XiQYTSU6KzTFa3Row3iZ.jpg,seeding,train,0.028679050505161285
photo_seed (27)_jpg.rf.9ce2wHTHJlBfWDoLxnOO.jpg,seeding,train,0.022082271054387093
photo_seed (270)_jpg.rf.Fzi5MxGMqeT4AeDxyuWu.jpg,seeding,train,0.012974330224096775
photo_seed (271)_jpg.rf.hyXiID7egcCyCWCn1NUJ.jpg,seeding,train,0.011798469349741936
photo_seed (272)_jpg.rf.okf4qWwvjBkr9VI3wAic.jpg,seeding,train,0.014907525852322578
photo_seed (273)_jpg.rf.KvlYmr8WgwY2ip8cTolV.jpg,seeding,train,0.023656727746129036
photo_seed (275)_jpg.rf.ShZV8ff4wkLHJtbyaJq7.jpg,seeding,train,0.012416294775903225
photo_seed (276)_jpg.rf.ZqWRZbvgaSj1kPSbCS42.jpg,seeding,train,0.025211255997419357
photo_seed (277)_jpg.rf.OO9zwIZ41Sh2LZex8H67.jpg,seeding,train,0.017199458554387093
photo_seed (279)_jpg.rf.1bkYYaMeaxoz2nW6bIlV.jpg,seeding,train,0.018315529450774193
photo_seed (280)_jpg.rf.oFzyfp53fO4rswsLhPaE.jpg,seeding,train,0.016362404450774193
photo_seed (281)_jpg.rf.QB26rAKD3mzi0VHlaHBD.jpg,seeding,train,0.009925063699483871
photo_seed (284)_jpg.rf.ya46mZWEB7PaHyr3Y4gw.jpg,seeding,train,0.016242824494838715
photo_seed (285)_jpg.rf.FvIbMLRPj9ocNSHHbsBL.jpg,seeding,train,0.0184151791036129
photo_seed (286)_jpg.rf.KRkFadXGhOGiUoO8k7Hk.jpg,seeding,train,0.019351880997419357
photo_seed (287)_jpg.rf.JNf3naMghJyQVnZVBsSc.jpg,seeding,train,0.014329560101032257
photo_seed (288)_jpg.rf.qJXId5z0EWjFTyqSmw35.jpg,seeding,train,0.009506536647677422
photo_seed (289)_jpg.rf.nQAzic68TOS0fIfGvkdd.jpg,seeding,train,0.0754743292927742
photo_seed (290)_jpg.rf.rxmSLnZirA0H9lDRM1hD.jpg,seeding,train,0.02568957209587097
photo_seed (291)_jpg.rf.M59OMgVckRCJYoV7847V.jpg,seeding,train,0.011120854876935482
photo_seed (292)_jpg.rf.hYR4Ot6egMGD3Z5xW471.jpg,seeding,train,0.06869818270206451
photo_seed (293)_jpg.rf.xu1TZeRZgyOds8yjZKZk.jpg,seeding,train,0.025609852746129036
photo_seed (294)_jpg.rf.62fK631giQE2G46D7lA6.jpg,seeding,train,0.017239317297935486
photo_seed (296)_jpg.rf.m15Ouh4bYUPFrV3VDD48.jpg,seeding,train,0.02204241044819355
photo_seed (297)_jpg.rf.Qz7xK8P2bYadkm39SZ4F.jpg,seeding,train,0.021025989204645157
photo_seed (298)_jpg.rf.1Il0rdzxVuNUBEt2NK0t.jpg,seeding,train,0.00996492337435484
photo_seed (299)_jpg.rf.Rzo9rZXtD7mhQMeibI5E.jpg,seeding,train,0.020587531849741936
photo_seed (3)_jpg.rf.IwFz21vZ944cptrWay0f.jpg,seeding,train,0.023776307702064514
photo_seed (30)_jpg.rf.fLDSRSCaL2Pozs3nxsUf.jpg,seeding,train,0.03824537619948387
photo_seed (300)_jpg.rf.e75qRUZAqsW4lj2GDYZd.jpg,seeding,train,0.02020886540412903
photo_seed (301)_jpg.rf.MjjsrpxssT62VkkqzL88.jpg,seeding,train,0.01389110367745161
photo_seed (302)_jpg.rf.mHyjjI73DvLdQSlwIGl4.jpg,seeding,train,0.027264030650258064
photo_seed (303)_jpg.rf.9RrtFIP0rbnM6A6c25BA.jpg,seeding,train,0.0076729911379516125
photo_seed (304)_jpg.rf.tdXLILySkjebLTqsWR3U.jpg,seeding,train,0.02471300959587097
photo_seed (305)_jpg.rf.WVFfcQFfJrUPZDt3X4Ol.jpg,seeding,train,0.014608577825129032
photo_seed (306)_jpg.rf.gQtxRIp6aSSqmtjB3KUO.jpg,seeding,train,0.016701212152838707
photo_seed (307)_jpg.rf.qlclvUgYcabSjXkorgWS.jpg,seeding,train,0.05012356489896774
photo_seed (310)_jpg.rf.8vgZWuywDvnYGYwSu7RK.jpg,seeding,train,0.02788185514509678
photo_seed (311)_jpg.rf.klt4EgbBzc9DV4KLNiIA.jpg,seeding,train,0.04817043989896774
photo_seed (312)_jpg.rf.WCITkLZ6mR2n3mlnDY0e.jpg,seeding,train,0.009725765325129032
photo_seed (313)_jpg.rf.UtYgLh0PwuPynBdrrjy2.jpg,seeding,train,0.011140784248709679
photo_seed (315)_jpg.rf.WMGr714jmST1SX0GymTR.jpg,seeding,train,0.03001434914767742
photo_seed (317)_jpg.rf.ZrsuPY3bsuA3Ff834vDz.jpg,seeding,train,0.04836973920464516
photo_seed (318)_jpg.rf.hKmYq5lqu8KJ1rTuHC0L.jpg,seeding,train,0.017338966950774193
photo_seed (319)_jpg.rf.9UVYqZvKNMj6Ent2n9N1.jpg,seeding,train,0.0316685251891613
photo_seed (320)_jpg.rf.a5SSHsQrd7qoONEuOX3X.jpg,seeding,train,0.031010841950774193
photo_seed (321)_jpg.rf.t7f1psVdjf7Thkiw7WPg.jpg,seeding,train,0.08320710808038712
photo_seed (322)_jpg.rf.egGLxkLKyrRjfFGcfXD4.jpg,seeding,train,0.024234693497419357
photo_seed (323)_jpg.rf.ZVk8LMaTCbiD2oqfLUaT.jpg,seeding,train,0.05303332209587097
photo_seed (324)_jpg.rf.LqrQw8lzrWv6R7o8XVic.jpg,seeding,train,0.021105708554387093
photo_seed (325)_jpg.rf.6jV63axfsq6EiKlMKvUZ.jpg,seeding,train,0.04926658049225807
photo_seed (326)_jpg.rf.fH6oQrwjWG2NrvXMA1Ml.jpg,seeding,train,0.018734056502580643
photo_seed (327)_jpg.rf.EpDEbmkCmSPIIzKTXuwq.jpg,seeding,train,0.06837930530309677
photo_seed (328)_jpg.rf.4D0TfJ3tFdtiu6sMDc0O.jpg,seeding,train,0.020328443497419357
photo_seed (330)_jpg.rf.GXu55F0zs9vCDOQnkD9V.jpg,seeding,train,0.020388232544064522
photo_seed (332)_jpg.rf.Dwjc4oECzxd8QH6coxyC.jpg,seeding,train,0.04591836780309677
photo_seed (333)_jpg.rf.hplqmo1IaKjK2TjqiQXG.jpg,seeding,train,0.014170121401548386
photo_seed (336)_jpg.rf.W9sGj34kOtEfvABylHn3.jpg,seeding,train,0.01983019709587097
photo_seed (337)_jpg.rf.OrfmDJOLXFoAs6rgK6Cl.jpg,seeding,train,0.014967314898967743
photo_seed (338)_jpg.rf.wTut9zXFyEbcs2Plta69.jpg,seeding,train,0.01686065085232258
photo_seed (339)_jpg.rf.9Hig29CU4K1Nxz1QgYkv.jpg,seeding,train,0.01590401865541935
photo_seed (341)_jpg.rf.aqRLpAQKK4CCklWOOZF0.jpg,seeding,train,0.02499202825129032
photo_seed (342)_jpg.rf.HwdA3Uk0K9QoIWItomnh.jpg,seeding,train,0.04476243630051613
photo_seed (343)_jpg.rf.PcGPVGmdMI9wGHj2nZq0.jpg,seeding,train,0.03782685101032257
photo_seed (344)_jpg.rf.0yvCgtHJ4f5m1bMTDHjd.jpg,seeding,train,0.020587531849741936
photo_seed (347)_jpg.rf.Vd6VQYdN4pjGqVrnyOvh.jpg,seeding,train,0.043586574494838715
photo_seed (348)_jpg.rf.F5lsynj3nG1Zg9zOIFWr.jpg,seeding,train,0.06299824267625809
photo_seed (35)_jpg.rf.jhguvE4DRoyjVJKHe3Qd.jpg,seeding,train,0.024493781849741936
photo_seed (350)_jpg.rf.wXBYTAKJZURCY1UgJj5q.jpg,seeding,train,0.035076528787612915
photo_seed (351)_jpg.rf.7yCQaKH60HzQvqFRrAMl.jpg,seeding,train,0.08960459381341934
photo_seed (353)_jpg.rf.ewXy7JYfulAX0bESFDu9.jpg,seeding,train,0.03489716351032257
photo_seed (354)_jpg.rf.Awg5OYdYQ76N7LRZYCbl.jpg,seeding,train,0.056700415909290314
photo_seed (355)_jpg.rf.TOmdhDQgelKfUSRW6ziR.jpg,seeding,train,0.04007892310619354
photo_seed (359)_jpg.rf.5iJsjGLovcJtg4LXb3cn.jpg,seeding,train,0.058533959090709686
photo_seed (36)_jpg.rf.ztYQxCB0Vfyv2ThcMsW6.jpg,seeding,train,0.03378108888864517
photo_seed (360)_jpg.rf.DRnCMralXGjRTPK8FX6a.jpg,seeding,train,0.029914699494838715
photo_seed (361)_jpg.rf.cEYU2khVDeS0KM3yvU5g.jpg,seeding,train,0.05972975119948387
photo_seed (363)_jpg.rf.9pRyJBj7mlfqctPzlWFK.jpg,seeding,train,0.019052933901548386
photo_seed (366)_jpg.rf.gFNbMGIEpNQM8wgVpZMY.jpg,seeding,train,0.02108577825129032
photo_seed (367)_jpg.rf.12sN3GSZLj8eLufip0QI.jpg,seeding,train,0.06367585808038712
photo_seed (37)_jpg.rf.NRJHKbepL9sfeXDkwl9r.jpg,seeding,train,0.0205078125
photo_seed (371)_jpg.rf.KXsfYSNSvuGERdT3zJiS.jpg,seeding,train,0.0157645083963871
photo_seed (372)_jpg.rf.KkNwA1Bp7hCbSzvmrkvV.jpg,seeding,train,0.019033003598451614
photo_seed (373)_jpg.rf.MRPa9abr0X53WOgEE6Jo.jpg,seeding,train,0.01428970042616129
photo_seed (374)_jpg.rf.yAS0GTeagH8JXnTBQINc.jpg,seeding,train,0.0478515625
photo_seed (375)_jpg.rf.OICYd5ud5PD7TTiiaE8a.jpg,seeding,train,0.021982621401548386
photo_seed (376)_jpg.rf.X940KaLrOupFEQG5nEWA.jpg,seeding,train,0.1003069207072258
photo_seed (377)_jpg.rf.Un5B2qYVHQ4a3pFJnHEd.jpg,seeding,train,0.046117667108774185
photo_seed (378)_jpg.rf.U8wDHEDu36ZNIztEDZh9.jpg,seeding,train,0.058115433901548386
photo_seed (379)_jpg.rf.T5yDw3rOXYEE0CcNmVwW.jpg,seeding,train,0.060188136994838715
photo_seed (38)_jpg.rf.XAM2gCCHKwUzNhO8xxb2.jpg,seeding,train,0.03974011540412903
photo_seed (380)_jpg.rf.xXoeHPAQsiE5AQ2Qzv9f.jpg,seeding,train,0.02887834794819355
photo_seed (381)_jpg.rf.rkcJBlYgkmx4BxcRILsF.jpg,seeding,train,0.020467951893806458
photo_seed (382)_jpg.rf.GluUgWqoGuyZ8cacboGY.jpg,seeding,train,0.04055723920464516
photo_seed (383)_jpg.rf.MmkouvERfknMuguCQ9SP.jpg,seeding,train,0.04504145309329033
photo_seed (386)_jpg.rf.hVaqwuZvyKKhcNqhOXPu.jpg,seeding,train,0.0548270083963871
photo_seed (389)_jpg.rf.SVBb5JlU8YfRy7NTjEjW.jpg,seeding,train,0.019072864204645157
photo_seed (4)_jpg.rf.ClqczHgDBrWF04mE3RVX.jpg,seeding,train,0.023397639393806458
photo_seed (42)_jpg.rf.LH1lwOxiUfMkaZTIQRE3.jpg,seeding,train,0.025749363005161285
photo_seed (43)_jpg.rf.hSS51fpX4EVNcm7N5xN9.jpg,seeding,train,0.04195232689380646
photo_seed (44)_jpg.rf.pDV4zS6U0Q4ISt5XfPBc.jpg,seeding,train,0.019591039046645164
photo_seed (46)_jpg.rf.8ZdDa66FWA0luvpGk0eS.jpg,seeding,train,0.01347257662564516
photo_seed (47)_jpg.rf.oOVMHvsJ4cybyTGEQjQH.jpg,seeding,train,0.038424745202064514
photo_seed (48)_jpg.rf.BHaifZr5QwvvFtkEWwRF.jpg,seeding,train,0.01520647294819355
photo_seed (49)_jpg.rf.d0n2F34fPrLcVpO5Mnse.jpg,seeding,train,0.01249601412564516
photo_seed (5)_jpg.rf.NH09JgJkbeB91KX3hZXc.jpg,seeding,train,0.031309790909290314
photo_seed (51)_jpg.rf.e1FxyNfchQ5rtFF1kGP3.jpg,seeding,train,0.024453923106193542
photo_seed (52)_jpg.rf.iMnMGDc61kX1sUq76W1a.jpg,seeding,train,0.013352997601032257
photo_seed (53)_jpg.rf.cydqmPxEQOpg0sZZW2oW.jpg,seeding,train,0.0226004458963871
photo_seed (54)_jpg.rf.ZDuXbHNxhZntgo62NXpy.jpg,seeding,train,0.056999363005161285
photo_seed (55)_jpg.rf.6WjNnVNAeMo2ac88lOCX.jpg,seeding,train,0.016123246401548386
photo_seed (56)_jpg.rf.SY2kRJRL4qpBzF14vBPm.jpg,seeding,train,0.036491550505161285
photo_seed (57)_jpg.rf.7GaIfj67qktvp206SxgZ.jpg,seeding,train,0.03623246029019356
photo_seed (58)_jpg.rf.7pPMX610dti7Tr2Gc5XY.jpg,seeding,train,0.023776307702064514
photo_seed (59)_jpg.rf.wjVDrLsH6zqjCQDhdWjq.jpg,seeding,train,0.03806600719690323
photo_seed (6)_jpg.rf.TC3BQFjhfpn5Tjb9Om2m.jpg,seeding,train,0.03469786420464516
photo_seed (60)_jpg.rf.Ma96xQbajdnwNFwj76yO.jpg,seeding,train,0.0186941958963871
photo_seed (64)_jpg.rf.d3jhVrI0lKPHwvq4tiQP.jpg,seeding,train,0.01717952825129032
photo_seed (65)_jpg.rf.4IHLgugcyKrJvWWinZ2r.jpg,seeding,train,0.044423628598451614
photo_seed (66)_jpg.rf.EKwaasGoTrGCl843vkQP.jpg,seeding,train,0.034119896590709686
photo_seed (67)_jpg.rf.Rso3LuJJCxNxto8TK1J2.jpg,seeding,train,0.03126993030309677
photo_seed (68)_jpg.rf.AsGLSDfWRu9YjWDeaLpq.jpg,seeding,train,0.0206473208963871
photo_seed (69)_jpg.rf.ZuXL0h9aZx68PUQULfg4.jpg,seeding,train,0.03336256369948387
photo_seed (7)_jpg.rf.MfREYwK5SeluPNJO2Pjj.jpg,seeding,train,0.03081154264509678
photo_seed (70)_jpg.rf.jYQscsgsSJmBxkt79ozC.jpg,seeding,train,0.025729432702064514
photo_seed (74)_jpg.rf.1DhHjGKFYbJj3vARiaM5.jpg,seeding,train,0.0546875
photo_seed (75)_jpg.rf.DK8FLN5z67CTJ0qJ7abJ.jpg,seeding,train,0.07294324040412903
photo_seed (78)_jpg.rf.0czSS9YESZie24QZX25J.jpg,seeding,train,0.09701849520206451
photo_seed (79)_jpg.rf.UOg51aiNR4kY7FXR8zNN.jpg,seeding,train,0.03338249400258064
photo_seed (80)_jpg.rf.dKc2krxDiFuWK0dywS1u.jpg,seeding,train,0.018455037847161293
photo_seed (82)_jpg.rf.T71HJ1iSYZy8SNVdUC2N.jpg,seeding,train,0.059072066098451614
photo_seed (85)_jpg.rf.hIJ5lEEA1nlLUfYDBbFo.jpg,seeding,train,0.16302615404129028
photo_seed (87)_jpg.rf.AeBUzMuc3uq4uASZPhnj.jpg,seeding,train,0.02315848134458065
photo_seed (88)_jpg.rf.3YWFDB55hwmW7LxuKz3X.jpg,seeding,train,0.014548787847161293
photo_seed (89)_jpg.rf.G480UJRgQgR9YAJNL2OP.jpg,seeding,train,0.0591517873108387
photo_seed (9)_jpg.rf.GTtsPG0gZbG3Ahi7g1tS.jpg,seeding,train,0.03402024880051613
photo_seed (90)_jpg.rf.y2erlkRGZYvtQI5U2h45.jpg,seeding,train,0.10718271881341934
photo_seed (91)_jpg.rf.t6YyuRUBICoerCpINClU.jpg,seeding,train,0.06357621401548386
photo_seed (92)_jpg.rf.EEQD3YaVnJKzTsA5XbLl.jpg,seeding,train,0.036212533712387085
photo_seed (93)_jpg.rf.XAu4xBUaFKFZNeVpD5Fm.jpg,seeding,train,0.08743223547935486
photo_seed (95)_jpg.rf.E6MN8T6RvIG0GZ4LMOG1.jpg,seeding,train,0.025749363005161285
photo_seed (96)_jpg.rf.hJeunNH4xJjmzGhPio4c.jpg,seeding,train,0.027443399652838707
photo_seed (97)_jpg.rf.BAQOFcJgrYYTkem0dFjw.jpg,seeding,train,0.05345185101032257
photo_seed (99)_jpg.rf.iTYP8yIaSzjsa38ADTyI.jpg,seeding,train,0.03796635940670967
photo_dev (10)_jpg.rf.ez6Fb6bIom3D8TwkirTH.jpg,developing,valid,0.28234612941741943
photo_dev (116)_jpg.rf.8FxPfefEgcId5U5ske1T.jpg,developing,valid,0.12647481262683868
photo_dev (148)_jpg.rf.KUxMJnPaxwpdjjCZYzFL.jpg,developing,valid,0.15786431729793549
photo_dev (154)_jpg.rf.443R7bFfIxNUaMmDBZo2.jpg,developing,valid,0.11587212979793549
photo_dev (165)_jpg.rf.bdgh9TQeKpWSlcmVDqid.jpg,developing,valid,0.1983816921710968
photo_dev (170)_jpg.rf.XHKRcq5IQzDXR8j1Rfes.jpg,developing,valid,0.2743542790412903
photo_dev (178)_jpg.rf.8N02Bgq3ehaZYEsirnae.jpg,developing,valid,0.06869818270206451
photo_dev (195)_jpg.rf.S2pZ5f8Y7C4XNSf7EMLL.jpg,developing,valid,0.2105787694454193
photo_dev (212)_jpg.rf.s8JSvfHkjVFlyHPsjTEE.jpg,developing,valid,0.4392338991165161
photo_dev (215)_jpg.rf.fNDNPKROTL53mWbiMTsO.jpg,developing,valid,0.31664541363716125
photo_dev (230)_jpg.rf.vBF9IARbSIimovwF7XAK.jpg,developing,valid,0.2317243367433548
photo_dev (231)_jpg.rf.1T5rGHYbS7zsqvsWo5RN.jpg,developing,valid,0.20218829810619354
photo_dev (247)_jpg.rf.8TZwXvjNu5mvWyW4lneF.jpg,developing,valid,0.20344388484954834
photo_dev (251)_jpg.rf.qO1jGGnaQwLxCliYYB3D.jpg,developing,valid,0.2766461968421936
photo_dev (38)_jpg.rf.CLha8TjeTODVDLuSpFSI.jpg,developing,valid,0.2386997789144516
photo_dev (57)_jpg.rf.6kWOINakgZ2JSC7NjRDt.jpg,developing,valid,0.2121930867433548
photo_dev (63)_jpg.rf.51fHenFJ8v3wff08I7rr.jpg,developing,valid,0.23335857689380646
photo_dev (7)_jpg.rf.LaYyvKxaKj6T1d04LvjH.jpg,developing,valid,0.2764469087123871
photo_dev (81)_jpg.rf.MQca1cYXcAmrhC625Ks6.jpg,developing,valid,0.1071428582072258
photo_dev (96)_jpg.rf.ZsNgu0MIDd0nDBEBhtYN.jpg,developing,valid,0.21305006742477417
photo_flow (11)_jpg.rf.BYAiSb186WfFnkQKbphv.jpg,flowering,valid,0.17691725492477417
photo_flow (137)_jpg.rf.VG5NMKyVZnKxBsJ3Q5bb.jpg,flowering,valid,0.2572345435619354
photo_flow (161)_jpg.rf.rxO51U9WHe8v0eSJQpek.jpg,flowering,valid,0.12557797133922577
photo_flow (167)_jpg.rf.dmS5ldKL8pDedB0pDldX.jpg,flowering,valid,0.26070234179496765
photo_flow (175)_jpg.rf.T9mc2spF3o6eYSYUvoNG.jpg,flowering,valid,0.2506975531578064
photo_flow (219)_jpg.rf.aTETjI44pQRUA5DAKgtO.jpg,flowering,valid,0.1526227742433548
photo_flow (221)_jpg.rf.MhBJgRu5Bmor0i49W1LT.jpg,flowering,valid,0.08069594949483871
photo_flow (229)_jpg.rf.3b1AFUypMZDG2dkDECG9.jpg,flowering,valid,0.10385443270206451
photo_flow (231)_jpg.rf.HONrrJEE890sAovq3wjn.jpg,flowering,valid,0.10863759368658066
photo_flow (253)_jpg.rf.lgertKmoSNCqRISVKeo8.jpg,flowering,valid,0.19965720176696777
photo_flow (254)_jpg.rf.23oksCWBtn6XHNDyUASh.jpg,flowering,valid,0.1359614133834839
photo_flow (29)_jpg.rf.5DT3qdBqHPCqxgBEzRXo.jpg,flowering,valid,0.16242825984954834
photo_flow (326)_jpg.rf.nfoXM4Pt9AsRgYifBqOX.jpg,flowering,valid,0.16966278851032257
photo_flow (329)_jpg.rf.KDG441Q6Nb440Uy60R4W.jpg,flowering,valid,0.13572226464748383
photo_flow (33)_jpg.rf.hBCLJh9LXrV3qaY1yugb.jpg,flowering,valid,0.20035475492477417
photo_flow (330)_jpg.rf.73OjCZpPvuhX8vLQ61kB.jpg,flowering,valid,0.17657844722270966
photo_flow (340)_jpg.rf.aEZi8Eug6XxUeVrXrIIQ.jpg,flowering,valid,0.2361288219690323
photo_flow (361)_jpg.rf.56qbdCuWN8TlcWWf7846.jpg,flowering,valid,0.18560665845870972
photo_flow (366)_jpg.rf.EmtwbDWOXtoALsh6QmQt.jpg,flowering,valid,0.11639030277729034
photo_flow (377)_jpg.rf.LvNpNyhHcJllauUVZhC7.jpg,flowering,valid,0.14883609116077423
photo_flow (392)_jpg.rf.jrHA15XePSW6U8XHt3qh.jpg,flowering,valid,0.19674745202064514
photo_flow (408)_jpg.rf.zXE7i08U2bF2wyLxUrET.jpg,flowering,valid,0.18022561073303223
photo_flow (418)_jpg.rf.XZzSnCwzvXtmSnTx1fW7.jpg,flowering,valid,0.15294164419174194
photo_flow (431)_jpg.rf.As23MbWvvLbot5aBRr8E.jpg,flowering,valid,0.20711097121238708
photo_flow (439)_jpg.rf.kGORzbU5IwXoQId2nvGN.jpg,flowering,valid,0.10481106489896774
photo_flow (45)_jpg.rf.myEdWRotGNewdpI13UvF.jpg,flowering,valid,0.14457111060619354
photo_flow (462)_jpg.rf.TwTlorL0d7jKMQoLN4nS.jpg,flowering,valid,0.1515664905309677
photo_flow (477)_jpg.rf.4IyOJaIbFslt1Be6uo6o.jpg,flowering,valid,0.2758091390132904
photo_flow (63)_jpg.rf.QbRrpILW9VBNOG9KJijM.jpg,flowering,valid,0.2004145383834839
photo_flow (83)_jpg.rf.7BTZjqFUj2itKOGwZsiB.jpg,flowering,valid,0.24228714406490326
photo_fruit (119)_jpg.rf.hefP2P2x3hONc1juRia3.jpg,fruiting,valid,0.14162148535251617
photo_fruit (123)_jpg.rf.C49F66G06M3jp5usva1o.jpg,fruiting,valid,0.12543845176696777
photo_fruit (127)_jpg.rf.Q8Ur7TJRcSOUK1k5fdfN.jpg,fruiting,valid,0.15850207209587097
photo_fruit (136)_jpg.rf.9oSOZXkL0T7TGiYXyvTr.jpg,fruiting,valid,0.1117466539144516
photo_fruit (179)_jpg.rf.MVIn74jLJsZOjQbd7diX.jpg,fruiting,valid,0.19961734116077423
photo_fruit (207)_jpg.rf.0uPzGBQPTKMYT3a3m4v8.jpg,fruiting,valid,0.20115195214748383
photo_fruit (29)_jpg.rf.60L22dC1DfBZLeKpe6aV.jpg,fruiting,valid,0.22674186527729034
photo_fruit (339)_jpg.rf.2OgRbgO7ZCAelGEJ65xv.jpg,fruiting,valid,0.1287069469690323
photo_fruit (83)_jpg.rf.GP6kKydYkiD82LRhdTfC.jpg,fruiting,valid,0.10277821868658066
photo_seed (100)_jpg.rf.PfI4NzRp87Imt4eaB8Cd.jpg,seeding,valid,0.031588807702064514
photo_seed (106)_jpg.rf.KxTCctJDSktTjQK4ZRK6.jpg,seeding,valid,0.0311104916036129
photo_seed (109)_jpg.rf.yNhUyK9lBAQ0JQ9pWiGZ.jpg,seeding,valid,0.03946109861135483
photo_seed (111)_jpg.rf.X8nvyIY7ZYYvOHiPmYkX.jpg,seeding,valid,0.01311383955180645
photo_seed (119)_jpg.rf.6E5UWvWzMRqAqDaKTnVc.jpg,seeding,valid,0.0302734375
photo_seed (127)_jpg.rf.aE3vDJPvlHAshOzhzISB.jpg,seeding,valid,0.01727917790412903
photo_seed (129)_jpg.rf.s4rLTdAfjlKysa8rUj0U.jpg,seeding,valid,0.010483099147677422
photo_seed (130)_jpg.rf.T5pMxM991OetDFNZs6ah.jpg,seeding,valid,0.028140943497419357
photo_seed (132)_jpg.rf.LaOjdgkp1nYCZTyk7zty.jpg,seeding,valid,0.05857381969690323
photo_seed (133)_jpg.rf.pMMpexD0g10sSOojfoxS.jpg,seeding,valid,0.02762276865541935
photo_seed (136)_jpg.rf.ZaGl6cfpr4QJCCeZ2R1Q.jpg,seeding,valid,0.01909279264509678
photo_seed (139)_jpg.rf.jbDS5TFpTlfsIkFXRmeE.jpg,seeding,valid,0.009606186300516129
photo_seed (145)_jpg.rf.Jvz5d5dk3LcL2HSY6ftG.jpg,seeding,valid,0.041753027588129044
photo_seed (149)_jpg.rf.kQ1lrBsd0ShBSV5BtAvH.jpg,seeding,valid,0.025290975347161293
photo_seed (152)_jpg.rf.FLn1LU6qTgM8BqM7qeB5.jpg,seeding,valid,0.015864158049225807
photo_seed (158)_jpg.rf.NRwSHN0BkeMrECcNxuBU.jpg,seeding,valid,0.0146484375
photo_seed (16)_jpg.rf.YWk6pFL7NqM1Uwm07XOm.jpg,seeding,valid,0.02188297174870968
photo_seed (162)_jpg.rf.BfshwSTp50tFBpYild6p.jpg,seeding,valid,0.028918208554387093
photo_seed (163)_jpg.rf.S3AezHSSOndy0iFhI25D.jpg,seeding,valid,0.028439892455935478
photo_seed (164)_jpg.rf.APP6FNgbiKARQjKomM9n.jpg,seeding,valid,0.040098853409290314
photo_seed (166)_jpg.rf.zXPet4GtCXd7pa6lej19.jpg,seeding,valid,0.01827566884458065
photo_seed (168)_jpg.rf.YTQPJyZJ3G6UM39QGgNm.jpg,seeding,valid,0.05048230290412903
photo_seed (170)_jpg.rf.oaipLggzs5VfTDImmDkF.jpg,seeding,valid,0.027004942297935486
photo_seed (176)_jpg.rf.0O9ERN22JN0w48T3k6wc.jpg,seeding,valid,0.05592314898967743
photo_seed (199)_jpg.rf.ab51R1Us3XIifyMhnhrJ.jpg,seeding,valid,0.024912308901548386
photo_seed (200)_jpg.rf.Wzaifo3LaDJcf9dIHENj.jpg,seeding,valid,0.012057557702064514
photo_seed (204)_jpg.rf.xEKMcXYm56wpvclrl94T.jpg,seeding,valid,0.06369578838348389
photo_seed (206)_jpg.rf.vP7fDNqjN6WLPZw3Brqp.jpg,seeding,valid,0.013392857275903225
photo_seed (207)_jpg.rf.8pbduuQteDhjicu0H52k.jpg,seeding,valid,0.01992984674870968
photo_seed (211)_jpg.rf.hxJ4tSYF2r3pLZYCfe47.jpg,seeding,valid,0.03176817670464516
photo_seed (217)_jpg.rf.oiBh19V3FsGU5dp7h24l.jpg,seeding,valid,0.01130022294819355
photo_seed (223)_jpg.rf.GrS6SFy7xNASLm0LzQqr.jpg,seeding,valid,0.013651944696903229
photo_seed (239)_jpg.rf.pAXtJfVzRC7dpUIKF6AQ.jpg,seeding,valid,0.026546556502580643
photo_seed (241)_jpg.rf.hEgufAwYOl71RYMcV7rV.jpg,seeding,valid,0.03776706010103226
photo_seed (247)_jpg.rf.EYQxR5wk3cNGb72j1onq.jpg,seeding,valid,0.029336735606193542
photo_seed (249)_jpg.rf.4gqLhGRRyb5NCdsSVow5.jpg,seeding,valid,0.0595703125
photo_seed (256)_jpg.rf.LX4ZkLmoZYkFFsIDyV6v.jpg,seeding,valid,0.00998485367745161
photo_seed (260)_jpg.rf.FqFKLFGWLvE80o344eqN.jpg,seeding,valid,0.02523118630051613
photo_seed (274)_jpg.rf.vidJW8REWwkU3o5Fip88.jpg,seeding,valid,0.013930963352322578
photo_seed (278)_jpg.rf.g5VBwMZVwlMBBgz3uh0D.jpg,seeding,valid,0.033840879797935486
photo_seed (282)_jpg.rf.4ZrowOyZT96mzqosBYQA.jpg,seeding,valid,0.03310347720980644
photo_seed (283)_jpg.rf.052VqccTXQuvoGIj7kQy.jpg,seeding,valid,0.03601323440670967
photo_seed (29)_jpg.rf.M2lLndHaGOG7Z0EHI0wU.jpg,seeding,valid,0.026426976546645164
photo_seed (295)_jpg.rf.iGuQaSO4QlWZ4jRmbxJC.jpg,seeding,valid,0.015345982275903225
photo_seed (308)_jpg.rf.WHmKJMnkr1HdokmjFCZh.jpg,seeding,valid,0.013352997601032257
photo_seed (309)_jpg.rf.D9oKppXT7XsamKTWo6Ew.jpg,seeding,valid,0.020408162847161293
photo_seed (33)_jpg.rf.vH9sNA8Gp0EgQui56WNT.jpg,seeding,valid,0.016920439898967743
photo_seed (331)_jpg.rf.ZjGnuZ1U3M9AQfBhK4Iw.jpg,seeding,valid,0.012575733475387096
photo_seed (335)_jpg.rf.MCTa51WEdMasNMvYlIkq.jpg,seeding,valid,0.02564971335232258
photo_seed (340)_jpg.rf.rzR6QGhdZbPLmwYlUdrD.jpg,seeding,valid,0.01785714365541935
photo_seed (345)_jpg.rf.EIUr0ZutXMtaXzDrsQFD.jpg,seeding,valid,0.021285075694322586
photo_seed (346)_jpg.rf.lmWnRXS0JPZc523fafna.jpg,seeding,valid,0.01442920882254839
photo_seed (349)_jpg.rf.bmUDKoJp3ICbdySvset3.jpg,seeding,valid,0.03985969349741936
photo_seed (352)_jpg.rf.mKbby6d8KdJrzYdeS1QB.jpg,seeding,valid,0.03595344349741936
photo_seed (356)_jpg.rf.19HGnjcgVZU9qzv2jtz5.jpg,seeding,valid,0.05652104690670967
photo_seed (357)_jpg.rf.HuPpQKtFeTvKRQVCtKkT.jpg,seeding,valid,0.05104033648967743
photo_seed (358)_jpg.rf.0tJ3Z5ChYCgstF6yOfC4.jpg,seeding,valid,0.04306839779019356
photo_seed (362)_jpg.rf.0arYE4sBBVHIdIqCFDJV.jpg,seeding,valid,0.08382493257522583
photo_seed (364)_jpg.rf.rUcXHqYZnudHDJJfldlK.jpg,seeding,valid,0.034259408712387085
photo_seed (365)_jpg.rf.si5lNPgkP8NI3VWEvyt1.jpg,seeding,valid,0.11405851691961288
photo_seed (369)_jpg.rf.Le3cbyDEf5mSRFUczwaP.jpg,seeding,valid,0.015086893923580647
photo_seed (385)_jpg.rf.RUKDmCpQOsPYK1E9tsVf.jpg,seeding,valid,0.021863041445612907
photo_seed (388)_jpg.rf.GzcR300tFyNokHtyZ16I.jpg,seeding,valid,0.02034837380051613
photo_seed (40)_jpg.rf.KzTNstck4AFpzFMZrOIQ.jpg,seeding,valid,0.0493861623108387
photo_seed (41)_jpg.rf.eaxdDGMSx3xE4eUPApgS.jpg,seeding,valid,0.011957908049225807
photo_seed (50)_jpg.rf.u17ST1X7pPbIDBN1b0l9.jpg,seeding,valid,0.05052216351032257
photo_seed (61)_jpg.rf.u5PaumCPdr269ijkmojV.jpg,seeding,valid,0.04934630170464516
photo_seed (62)_jpg.rf.TUvzHVqAP6WBdPpjeUfu.jpg,seeding,valid,0.013731664977967739
photo_seed (71)_jpg.rf.SiccM4uMhJxhwBdomg9y.jpg,seeding,valid,0.02945631369948387
photo_seed (73)_jpg.rf.jYdbMKJfxC5d2LIMZl6I.jpg,seeding,valid,0.03555484861135483
photo_seed (76)_jpg.rf.EPhsWtmjbxKs09EFh65O.jpg,seeding,valid,0.024194834753870964
photo_seed (77)_jpg.rf.KdIHPHwbtolvjtHF7ACg.jpg,seeding,valid,0.033960457891225815
photo_seed (81)_jpg.rf.wRAwFQavr9Tzucky1rRt.jpg,seeding,valid,0.0387834832072258
photo_seed (83)_jpg.rf.ec82wqBIc1Vx4AzCawvJ.jpg,seeding,valid,0.12713249027729034
photo_seed (84)_jpg.rf.NcjdZaDRka292Zr3z1MD.jpg,seeding,valid,0.03890306130051613
photo_seed (86)_jpg.rf.LV1Ypc7iNABMle9yslou.jpg,seeding,valid,0.03109056130051613
photo_dev (103)_jpg.rf.RWQrfFCEy7p25IXgGCmv.jpg,developing,test,0.32306280732154846
photo_dev (105)_jpg.rf.3NfhXjBV6AbRwed52X0a.jpg,developing,test,0.3056640625
photo_dev (110)_jpg.rf.u1FamS2UASM9x8C0OBuA.jpg,developing,test,0.3885323703289032
photo_dev (117)_jpg.rf.R4PgPoxztqDX741BLJhY.jpg,developing,test,0.2414102405309677
photo_dev (13)_jpg.rf.OdDShvsZNvOiHWprNo0u.jpg,developing,test,0.3485730290412903
photo_dev (131)_jpg.rf.wH3mj9JxlWRGZuSO0Kih.jpg,developing,test,0.24487802386283875
photo_dev (134)_jpg.rf.Mhs1hBr1dVlr3eCvezQ8.jpg,developing,test,0.2390385866165161
photo_dev (14)_jpg.rf.jhdY8vhs1obFoFFY7gfv.jpg,developing,test,0.38606107234954834
photo_dev (141)_jpg.rf.5ez9ACOEOU9Kk8XNBmjK.jpg,developing,test,0.21865035593509674
photo_dev (149)_jpg.rf.TPkWhgPIQkyU8gBXaGJP.jpg,developing,test,0.27026864886283875
photo_dev (158)_jpg.rf.8wCFUMSf9ldrBlakQ8KG.jpg,developing,test,0.2161790430545807
photo_dev (162)_jpg.rf.JPQO0P8KQISXLLmm3LQb.jpg,developing,test,0.13129782676696777
photo_dev (164)_jpg.rf.A6XFq6GfzmBtZsDUBSyY.jpg,developing,test,0.13833306729793549
photo_dev (167)_jpg.rf.mYZayXVnErrEYiDr0j7C.jpg,developing,test,0.3047472834587097
photo_dev (180)_jpg.rf.5M7Y8D0Ho7TT5OoACxYU.jpg,developing,test,0.34050142765045166
photo_dev (186)_jpg.rf.dkiCsJQ7R1Y7H0VoEJhE.jpg,developing,test,0.33541932702064514
photo_dev (187)_jpg.rf.N4Pr6SUoRfXPCWTcjqW8.jpg,developing,test,0.21081791818141937
photo_dev (188)_jpg.rf.gQZfqhIgHuxuf9eSEOZ9.jpg,developing,test,0.20665258169174194
photo_dev (189)_jpg.rf.escAjGGu0nu52B6vKP5e.jpg,developing,test,0.21550142765045166
photo_dev (191)_jpg.rf.oGxXEQWR3N4ptgNsXQmG.jpg,developing,test,0.0778459832072258
photo_dev (196)_jpg.rf.JtvuOEHpKSAStdWQNwbF.jpg,developing,test,0.3713727593421936
photo_dev (199)_jpg.rf.YXmz3BZqt0nz0XG9R1N6.jpg,developing,test,0.29049745202064514
photo_dev (20)_jpg.rf.XnFtKTQF43fRlg6c8Avx.jpg,developing,test,0.3037109375
photo_dev (206)_jpg.rf.Rkq6wws77rD4Utj4ONRw.jpg,developing,test,0.2170758992433548
photo_dev (21)_jpg.rf.vXTCl0leT2YySYBGGOrL.jpg,developing,test,0.3417370915412903
photo_dev (213)_jpg.rf.somLAJ1LlPQQvNhuzLHb.jpg,developing,test,0.2561383843421936
photo_dev (218)_jpg.rf.QhFGJvxFH39u2bARiusw.jpg,developing,test,0.23826132714748383
photo_dev (227)_jpg.rf.WHlx8jQEC25vesmp5kGX.jpg,developing,test,0.1907884180545807
photo_dev (232)_jpg.rf.TV8ktPk0E660geIkq71y.jpg,developing,test,0.1799067258834839
photo_dev (235)_jpg.rf.ahGvJb9z3Whi6sSplBSs.jpg,developing,test,0.31519052386283875
photo_dev (244)_jpg.rf.F55tIzLTdpRMypdtK8rh.jpg,developing,test,0.2849370241165161
photo_dev (34)_jpg.rf.98Z4WOxwGtwjAdc8Oc77.jpg,developing,test,0.2584502696990967
photo_dev (39)_jpg.rf.oMSpyttau5kbrm2HW8c1.jpg,developing,test,0.2854950428009033
photo_dev (40)_jpg.rf.UJqgAC199H79cimsDS96.jpg,developing,test,0.26698023080825806
photo_dev (43)_jpg.rf.WnYU9f3jVQ6iEK0k7ws3.jpg,developing,test,0.3516422212123871
photo_dev (5)_jpg.rf.3fe5Q03GdbBpikKVehmF.jpg,developing,test,0.26692044734954834
photo_dev (62)_jpg.rf.AtmMvowYdg2PLdbpNTn9.jpg,developing,test,0.34616151452064514
photo_dev (83)_jpg.rf.svMk7cACIx9up0C3VZzn.jpg,developing,test,0.18556679785251617
photo_dev (9)_jpg.rf.A5bpJpod7rtPFdiSk985.jpg,developing,test,0.2976522743701935
photo_dev (90)_jpg.rf.O6zvzTwM5hwlK1mQ0XgA.jpg,developing,test,0.21821188926696777
photo_dev (91)_jpg.rf.yJRebDVmGRlAcLPWHryK.jpg,developing,test,0.1676897257566452
photo_flow (113)_jpg.rf.l5mObwIGiNkkajMCJmtH.jpg,flowering,test,0.23290018737316132
photo_flow (121)_jpg.rf.M6ADR6ysshyAE0D2pFZv.jpg,flowering,test,0.25149473547935486
photo_flow (129)_jpg.rf.5MYNognnNweyeep3Z6PD.jpg,flowering,test,0.18686224520206451
photo_flow (147)_jpg.rf.5Zs4Hu4lasKWWMbfwDRt.jpg,flowering,test,0.1955915242433548
photo_flow (16)_jpg.rf.8U2aKH0YieRidkYQg6RV.jpg,flowering,test,0.17665816843509674
photo_flow (165)_jpg.rf.weowNFqvEvfvgvfPAdju.jpg,flowering,test,0.24940210580825806
photo_flow (173)_jpg.rf.vQzzDHQdZKRDsDF0xfUX.jpg,flowering,test,0.28706952929496765
photo_flow (181)_jpg.rf.RqQ8WuMozG6Dk1zGQKbk.jpg,flowering,test,0.2825653553009033
photo_flow (189)_jpg.rf.0O8usQDID6KtfB0n7sd0.jpg,flowering,test,0.2816685140132904
photo_flow (193)_jpg.rf.3iN9fP1gFOJt2hNTZ33T.jpg,flowering,test,0.19575095176696777
photo_flow (201)_jpg.rf.JlzS8gWvi0AaPNBdKwdx.jpg,flowering,test,0.23628826439380646
photo_flow (213)_jpg.rf.sDQMsoQdi9bawFtxEfIR.jpg,flowering,test,0.22999043762683868
photo_flow (220)_jpg.rf.asTweo1gBFy5hdpq3May.jpg,flowering,test,0.10865752398967743
photo_flow (223)_jpg.rf.ujdPE86nh1wcA1LDyXOJ.jpg,flowering,test,0.07916135340929031
photo_flow (245)_jpg.rf.tCtyyVLPEoXow5zPLnwK.jpg,flowering,test,0.16669324040412903
photo_flow (255)_jpg.rf.4yjycqQjngnLgLcVWZGv.jpg,flowering,test,0.1316964328289032
photo_flow (256)_jpg.rf.Vv81WlSNbPULr4Z3RqNv.jpg,flowering,test,0.10353555530309677
photo_flow (264)_jpg.rf.EU0AZnExOms4Rygep075.jpg,flowering,test,0.21006058156490326
photo_flow (265)_jpg.rf.nvkdgSe7zJ1UbOOQ345P.jpg,flowering,test,0.15619021654129028
photo_flow (266)_jpg.rf.aQP5mu1YODc7Hgulg8dZ.jpg,flowering,test,0.2895408272743225
photo_flow (269)_jpg.rf.j2WwZj3rnxa5Fyh3dVgz.jpg,flowering,test,0.18979193270206451
photo_flow (272)_jpg.rf.afUjLj6PHXt0mMOJu9mz.jpg,flowering,test,0.1767578125
photo_flow (293)_jpg.rf.3rvA0cCYp4vOxAEylqt4.jpg,flowering,test,0.20310507714748383
photo_flow (295)_jpg.rf.0G5bPGo7cEHvbqxzCu59.jpg,flowering,test,0.18839684128761292
photo_flow (298)_jpg.rf.3PZ9IMJ3b12aAi3eB2Hu.jpg,flowering,test,0.18170040845870972
photo_flow (300)_jpg.rf.Buy7UvKGbRi4rJWuRrAv.jpg,flowering,test,0.1486368030309677
photo_flow (304)_jpg.rf.8Q5777DHmix0df35oTWS.jpg,flowering,test,0.20222815871238708
photo_flow (305)_jpg.rf.hkx15niUKkPA2kres7N0.jpg,flowering,test,0.24426020681858063
photo_flow (311)_jpg.rf.6yGDdp4UyZyHygwDF66B.jpg,flowering,test,0.1490553319454193
photo_flow (312)_jpg.rf.XCWY4Odt4oZf5XA0BHuV.jpg,flowering,test,0.16358418762683868
photo_flow (314)_jpg.rf.Pkrb5CWlxIalLVP8FIQf.jpg,flowering,test,0.2029256969690323
photo_flow (319)_jpg.rf.S9MgjJvdVDLpEz9Bv6Hl.jpg,flowering,test,0.17233338952064514
photo_flow (32)_jpg.rf.vTUYPKC3LOpkHwbaJ289.jpg,flowering,test,0.23881936073303223
photo_flow (327)_jpg.rf.n9pRIOQrbbOlDJvRKjEh.jpg,flowering,test,0.14305643737316132
photo_flow (328)_jpg.rf.kh6ih4W7mRw1VzbErvpT.jpg,flowering,test,0.20071348547935486
photo_flow (357)_jpg.rf.AuOFZaZKiYa0PlwzLeB0.jpg,flowering,test,0.0862165167927742
photo_flow (37)_jpg.rf.Aw52DJ2MQcCALfVMsAQ7.jpg,flowering,test,0.2202845960855484
photo_flow (378)_jpg.rf.hzEM8qDV0msJzEMEBIcJ.jpg,flowering,test,0.21912866830825806
photo_flow (387)_jpg.rf.rgcguwbxMoS2x6mfLalC.jpg,flowering,test,0.2612802982330322
photo_flow (394)_jpg.rf.EdBEpgoR6s23VnWeObtq.jpg,flowering,test,0.14455117285251617
photo_flow (395)_jpg.rf.Eo67tl39sjTgjq0jxavu.jpg,flowering,test,0.13671875
photo_flow (396)_jpg.rf.rByTCSuH8BE1CSj90TBL.jpg,flowering,test,0.12105388939380646
photo_flow (401)_jpg.rf.0YpcuhR52QXycikzZmEY.jpg,flowering,test,0.1403459757566452
photo_flow (403)_jpg.rf.DsPc1VPrafWu0DB1U7rk.jpg,flowering,test,0.14166134595870972
photo_flow (410)_jpg.rf.X4i93iinw7U8lW3hdiTk.jpg,flowering,test,0.1671316921710968
photo_flow (430)_jpg.rf.VrkKhnxydfZzJkHKxUrw.jpg,flowering,test,0.11094945669174194
photo_flow (444)_jpg.rf.FsRi2prrMi57GPpimMOY.jpg,flowering,test,0.2584502696990967
photo_flow (454)_jpg.rf.inSa0SntwkumpVRQsLS7.jpg,flowering,test,0.10192123800516129
photo_flow (476)_jpg.rf.FZK9nnsNeMjxgw1wgDx3.jpg,flowering,test,0.18116231262683868
photo_flow (48)_jpg.rf.9OMLF8sSGbDfpRBTR5ds.jpg,flowering,test,0.2696109712123871
photo_flow (483)_jpg.rf.AxeeD6nvyk19usW2LUi9.jpg,flowering,test,0.20338408648967743
photo_flow (484)_jpg.rf.bEgbxgF3uBq2eRWdpSAL.jpg,flowering,test,0.18008609116077423
photo_flow (493)_jpg.rf.QbAYak2F4rK1N50hj52e.jpg,flowering,test,0.15915976464748383
photo_flow (496)_jpg.rf.S6UfSZUtveY4h5X5c7lZ.jpg,flowering,test,0.14847736060619354
photo_flow (54)_jpg.rf.xpAMXUaqKfUQk5QcC0Kq.jpg,flowering,test,0.3005620241165161
photo_flow (58)_jpg.rf.CtTqm5dhMR9qfMmIOphT.jpg,flowering,test,0.26134008169174194
photo_flow (71)_jpg.rf.icTsrpllAkJaImotCNOz.jpg,flowering,test,0.2258649617433548
photo_flow (87)_jpg.rf.THJIqPWKrBcbsEc0AnwC.jpg,flowering,test,0.228515625
photo_flow (91)_jpg.rf.52cpJ3razPY0hjX6ZTOA.jpg,flowering,test,0.28553491830825806
photo_flow (97)_jpg.rf.2rV7xJQJ1UEyEuEKSpTw.jpg,flowering,test,0.3149314522743225
photo_fruit (106)_jpg.rf.6pbVSwOrdAt0nH5gpNvQ.jpg,fruiting,test,0.21558114886283875
photo_fruit (112)_jpg.rf.CgEtqAA3BucryXUNdFo5.jpg,fruiting,test,0.1330317258834839
photo_fruit (114)_jpg.rf.hipQRPkTyiUNtxOsUWzk.jpg,fruiting,test,0.11298230290412903
photo_fruit (124)_jpg.rf.27YH666B7o1ekC34gZXm.jpg,fruiting,test,0.12101402878761292
photo_fruit (125)_jpg.rf.5Gt6dwSOnrF4syWXS4ir.jpg,fruiting,test,0.17588089406490326
photo_fruit (13)_jpg.rf.P2DK0zVxDQg8A6KOTmVI.jpg,fruiting,test,0.13004225492477417
photo_fruit (167)_jpg.rf.10TDbqh8MSQwrRtfcOWD.jpg,fruiting,test,0.2341557741165161
photo_fruit (187)_jpg.rf.p48wy4lwP2KnfdG4yMyg.jpg,fruiting,test,0.1821986585855484
photo_fruit (20)_jpg.rf.Mm9qZHUJfxxHZMcKLZYh.jpg,fruiting,test,0.11571269482374191
photo_fruit (229)_jpg.rf.8namCVxsSbvQONbkbeje.jpg,fruiting,test,0.04886798560619354
photo_fruit (266)_jpg.rf.MRUYxtBNQErpQ648jxJk.jpg,fruiting,test,0.0016143176471814513
photo_fruit (304)_jpg.rf.CNMNyzRao9ppP4ouZoD9.jpg,fruiting,test,0.1345463991165161
photo_fruit (361)_jpg.rf.ISXglh0sTToStsokpcuL.jpg,fruiting,test,0.18195950984954834
photo_fruit (371)_jpg.rf.OqDEHgE9bzZCM4YaecNT.jpg,fruiting,test,0.2532884180545807
photo_fruit (56)_jpg.rf.ES2b9b2YDYsHwBlFCWye.jpg,fruiting,test,0.10963408648967743
photo_fruit (61)_jpg.rf.lY8YfhHAb2f9e4lPRITx.jpg,fruiting,test,0.1201171875
photo_fruit (62)_jpg.rf.wLMUqGV9BhDstUaX3mWZ.jpg,fruiting,test,0.10969387739896774
photo_fruit (63)_jpg.rf.2opzOzjsDOZTiFk3jM4b.jpg,fruiting,test,0.103515625
photo_fruit (70)_jpg.rf.2A8WKcwEwWB7PJU4xGXZ.jpg,fruiting,test,0.11517458409070969
photo_fruit (71)_jpg.rf.ULQfa6gW5Nj76epRgdgj.jpg,fruiting,test,0.14891581237316132
photo_fruit (91)_jpg.rf.2KpTfnPCQkwZcDFJNdh8.jpg,fruiting,test,0.15941885113716125
photo_seed (11)_jpg.rf.3friidHbnH7KQvhTDGUD.jpg,seeding,test,0.034956950694322586
photo_seed (110)_jpg.rf.764tGim0GG7mHxTerBRE.jpg,seeding,test,0.026128029450774193
photo_seed (112)_jpg.rf.uk6yZtShmULOQjxTGHj8.jpg,seeding,test,0.023816166445612907
photo_seed (114)_jpg.rf.4vNVt4DsWl0gA1N0Vgkn.jpg,seeding,test,0.023357780650258064
photo_seed (118)_jpg.rf.NjbKauEgNen5bJW9CdOK.jpg,seeding,test,0.010343590751290321
photo_seed (12)_jpg.rf.ghLQaO04CDKKD67lR4NQ.jpg,seeding,test,0.027244100347161293
photo_seed (121)_jpg.rf.pbMXMSFqxU3Al7mYP2PA.jpg,seeding,test,0.03902263939380646
photo_seed (123)_jpg.rf.hc1i8KyOOrVS5zHKhLFH.jpg,seeding,test,0.020866550505161285
photo_seed (175)_jpg.rf.WG8Y8wfB7642kuLkCOd8.jpg,seeding,test,0.05066167190670967
photo_seed (177)_jpg.rf.J6IiCVGBBTlJDKU1aEZP.jpg,seeding,test,0.034099966287612915
photo_seed (183)_jpg.rf.mrZPn54HWqkcA7OWQS6d.jpg,seeding,test,0.022680165246129036
photo_seed (193)_jpg.rf.L1zWz4Mj3Md9cN7L4Get.jpg,seeding,test,0.030911192297935486
photo_seed (197)_jpg.rf.nxpacaFYaHheDtq4ZXL0.jpg,seeding,test,0.021584024652838707
photo_seed (198)_jpg.rf.DNQoQ7g9SjEwtKcPtlBw.jpg,seeding,test,0.01813616044819355
photo_seed (202)_jpg.rf.TFV7E3ykGqY2NvFFyWaP.jpg,seeding,test,0.013791454024612904
photo_seed (205)_jpg.rf.tSWEH8S3LoYcF3z6GdFE.jpg,seeding,test,0.01702008955180645
photo_seed (213)_jpg.rf.1FEU29ZdGcMK0AQIFS0z.jpg,seeding,test,0.01151945162564516
photo_seed (220)_jpg.rf.Xoa2GfTQJw0ip5hDyhpa.jpg,seeding,test,0.04035793989896774
photo_seed (225)_jpg.rf.DlPtkwiAvQ4lemktU32s.jpg,seeding,test,0.010762117803096771
photo_seed (231)_jpg.rf.fnsog0qv4YRWBUyeHK5I.jpg,seeding,test,0.008111448027193546
photo_seed (246)_jpg.rf.eovg4TJ4yTRbrsT6hMzt.jpg,seeding,test,0.029894771054387093
photo_seed (263)_jpg.rf.xaTs5766RPy2gzCDl1zP.jpg,seeding,test,0.0157645083963871
photo_seed (264)_jpg.rf.iMoKm6GemZhRNVmgnFMJ.jpg,seeding,test,0.01606345735490322
photo_seed (28)_jpg.rf.CD5jRqwkes8Xjpfm8yuD.jpg,seeding,test,0.06608737260103226
photo_seed (31)_jpg.rf.zU174n3dnuAyB6DrVv1F.jpg,seeding,test,0.02301897294819355
photo_seed (314)_jpg.rf.sJkUTITKyVHnxyZJI86H.jpg,seeding,test,0.019710619002580643
photo_seed (316)_jpg.rf.EXsV5i6SfOdVaTbooopq.jpg,seeding,test,0.029197225347161293
photo_seed (32)_jpg.rf.6XuZvZf392XTrdQi9uru.jpg,seeding,test,0.03569435700774193
photo_seed (329)_jpg.rf.krhrUZa1PfOHBdlsdYXC.jpg,seeding,test,0.05668048560619354
photo_seed (334)_jpg.rf.JUzK5PzMQho6ho9cjxcg.jpg,seeding,test,0.04187260940670967
photo_seed (368)_jpg.rf.EZ1CKoGMfkr6bfrowoZq.jpg,seeding,test,0.020268654450774193
photo_seed (370)_jpg.rf.D7w84vT1BrhnBVBsHRoL.jpg,seeding,test,0.020467951893806458
photo_seed (384)_jpg.rf.NL6OsTgYpYUNBveilMOb.jpg,seeding,test,0.0560825876891613
photo_seed (387)_jpg.rf.2EKRJMuMoixvbmnGDcTV.jpg,seeding,test,0.04727359861135483
photo_seed (45)_jpg.rf.qGxXdrDFprrSdYeCiAqx.jpg,seeding,test,0.018176021054387093
photo_seed (63)_jpg.rf.rZjuh4iEZDMEdfMvP93z.jpg,seeding,test,0.026486767455935478
photo_seed (72)_jpg.rf.c9sX8wonEQEF4s7jF2jB.jpg,seeding,test,0.03511638939380646
photo_seed (98)_jpg.rf.4eOWR4dmJA8qttXXgMHI.jpg,seeding,test,0.045539699494838715
